protein_id,FASTA header,FASTA seq
A0FGR8-2,>sp|A0FGR8-2|ESYT2_HUMAN Isoform 2 of Extended synaptotagmin-2 OS=Homo sapiens OX=9606 GN=ESYT2,MTPPSRAEAGVRRSRVPSEGRWRGAEPPGISASTQPASAGRAARHCGAMSGARGEGPEAGAGGAGGRAAPENPGGVLSVELPGLLAQLARSFALLLPVYALGYLGLSFSWVLLALALLAWCRRSRGLKALRLCRALALLEDEERVVRLGVRACDLPAWVHFPDTERAEWLNKTVKHMWPFICQFIEKLFRETIEPAVRGANTHLSTFSFTKVDVGQQPLRINGVKVYTENVDKRQIILDLQISFVGNCEIDLEIKRYFCRAGVKSIQIHGTMRVILEPLIGDMPLVGALSIFFLRKPLLEINWTGLTNLLDVPGLNGLSDTIILDIISNYLVLPNRITVPLVSEVQIAQLRFPVPKGVLRIHFIEAQDLQGKDTYLKGLVKGKSDPYGIIRVGNQIFQSRVIKENLSPKWNEVYEALVYEHPGQELEIELFDEDPDKDDFLGSLMIDLIEVEKERLLDEWFTLDEVPKGKLHLRLEWLTLMPNASNLDKVLTDIKADKDQANDGLSSALLILYLDSARNLPSGKKISSNPNPVVQMSVGHKAQESKIRYKTNEPVWEENFTFFIHNPKRQDLEVEVRDEQHQCSLGNLKVPLSQLLTSEDMTVSQRFQLSNSGPNSTIKMKIALRVLHLEKRERPPDHQHSAQVKRPSVSKEGRKTSIKSHMSGSPGPGGSNTAPSTPVIGGSDKPGMEEKAQPPEAGPQGLHDLGRSSSSLLASPGHISVKEPTPSIASDISLPIATQELRQRLRQLENGTTLGQSPLGQIQLTIRHSSQRNKLIVVVHACRNLIAFSEDGSDPYVRMYLLPDKRRSGRRKTHVSKKTLNPVFDQSFDFSVSLPEVQRRTLDVAVKNSGGFLSKDKGLLGKVLVALASEELAKGWTQWYDLTEDGTRPQAMT
A0FGR8-5,>sp|A0FGR8-5|ESYT2_HUMAN Isoform 5 of Extended synaptotagmin-2 OS=Homo sapiens OX=9606 GN=ESYT2,MPVLPPCVLQVRDEQHQCSLGNLKVPLSQLLTSEDMTVSQRFQLSNSGPNSTIKMKIALRVLHLEKRERPPDHQHSAQVKRPSVSKEGRKTSIKSHMSGSPGPGGSNTAPSTPVIGGSDKPGMEEKAQPPEAGPQGLHDLGRSSSSLLASPGHISVKEPTPSIASDISLPIATQELRQRLRQLENGTTLGQSPLGQIQLTIRHSSQRNKLIVVVHACRNLIAFSEDGSDPYVRMYLLPDKRRSGRRKTHVSKKTLNPVFDQSFDFSVSLPEVQRRTLDVAVKNSGGFLSKDKGLLGKVLVALASEELAKGWTQWYDLTEDGTRPQAMT
F2Z3K9,,
A0FGR8-4,>sp|A0FGR8-4|ESYT2_HUMAN Isoform 4 of Extended synaptotagmin-2 OS=Homo sapiens OX=9606 GN=ESYT2,MWPFICQFIEKLFRETIEPAVRGANTHLSTFSFTKVDVGQQPLRINGVKVYTENVDKRQIILDLQISFVGNCEIDLEIKRYFCRAGVKSIQIHGTMRVILEPLIGDMPLVGALSIFFLRKPLLEINWTGLTNLLDVPGLNGLSDTIILDIISNYLVLPNRITVPLVSEVQIAQLRFPVPKGVLRIHFIEAQDLQGKDTYLKGLVKGKSDPYGIIRVGNQIFQSRVIKENLSPKWNEVYEALVYEHPGQELEIELFDEDPDKDDFLGSLMIDLIEVEKERLLDEWFTLDEVPKGKLHLRLEWLTLMPNASNLDKVLTDIKADKDQANDGLSSALLILYLDSARNLPSGKKISSNPNPVVQMSVGHKAQESKIRYKTNEPVWEENFTFFIHNPKRQDLEVEVRDEQHQCSLGNLKVPLSQLLTSEDMTVSQRFQLSNSGPNSTIKMKIALRVLHLEKRERPPDHQHSAQVKRPSVSKEGRKTSIKSHMSGSPGPGGSNTAPSTSQSRSRPPASPRTSRCPSPPRSCGKG
A0FGR8-6,>sp|A0FGR8-6|ESYT2_HUMAN Isoform 6 of Extended synaptotagmin-2 OS=Homo sapiens OX=9606 GN=ESYT2,MTANRDAALSSHRHPGCAQRPRTPTFASSSQRRSAFGFDDGNFPGLGERSHAPGSRLGARRRAKTARGLRGHRQRGAGAGLSRPGSARAPSPPRPGGPENPGGVLSVELPGLLAQLARSFALLLPVYALGYLGLSFSWVLLALALLAWCRRSRGLKALRLCRALALLEDEERVVRLGVRACDLPAWVHFPDTERAEWLNKTVKHMWPFICQFIEKLFRETIEPAVRGANTHLSTFSFTKVDVGQQPLRINGVKVYTENVDKRQIILDLQISFVGNCEIDLEIKRYFCRAGVKSIQIHGTMRVILEPLIGDMPLVGALSIFFLRKPLLEINWTGLTNLLDVPGLNGLSDTIILDIISNYLVLPNRITVPLVSEVQIAQLRFPVPKGVLRIHFIEAQDLQGKDTYLKGLVKGKSDPYGIIRVGNQIFQSRVIKENLSPKWNEVYEALVYEHPGQELEIELFDEDPDKDDFLGSLMIDLIEVEKERLLDEWFTLDEVPKGKLHLRLEWLTLMPNASNLDKVLTDIKADKDQANDGLSSALLILYLDSARNLPSNPLEFNPDVLKKTAVQRALKSGKKISSNPNPVVQMSVGHKAQESKIRYKTNEPVWEENFTFFIHNPKRQDLEVEVRDEQHQCSLGNLKVPLSQLLTSEDMTVSQRFQLSNSGPNSTIKMKIALRVLHLEKRERPPDHQHSAQVKRPSVSKEGRKTSIKSHMSGSPGPGGSNTAPSTPVIGGSDKPGMEEKAQPPEAGPQGLHDLGRSSSSLLASPGHISVKEPTPSIASDISLPIATQELRQRLRQLENGTTLGQSPLGQIQLTIRHSSQRNKLIVVVHACRNLIAFSEDGSDPYVRMYLLPDKRRSGRRKTHVSKKTLNPVFDQSFDFSVSLPEVQRRTLDVAVKNSGGFLSKDKGLLGKVLVALASEELAKGWTQWYDLTEDGTRPQAMT
H7BXI1,>tr|H7BXI1|H7BXI1_HUMAN Extended synaptotagmin-2 OS=Homo sapiens OX=9606 GN=ESYT2 PE=1 SV=2,MSGARGEGPEAGAGGAGGRAAPENPGGVLSVELPGLLAQLARSFALLLPVYALGYLGLSFSWVLLALALLAWCRRSRGLKALRLCRALALLEDEERVVRLGVRACDLPAWVHFPDTERAEWLNKTVKHMWPFICQFIEKLFRETIEPAVRGANTHLSTFSFTKVDVGQQPLRINGVKVYTENVDKRQIILDLQISFVGNCEIDLEIKRYFCRAGVKSIQIHGTMRVILEPLIGDMPLVGALSIFFLRKPLLEINWTGLTNLLDVPGLNGLSDTIILDIISNYLVLPNRITVPLVSEVQIAQLRFPVPKGVLRIHFIEAQDLQGKDTYLKGLVKGKSDPYGIIRVGNQIFQSRVIKENLSPKWNEVYEALVYEHPGQELEIELFDEDPDKDDFLGSLMIDLIEVEKERLLDEWFTLDEVPKGKLHLRLEWLTLMPNASNLDKVLTDIKADKDQANDGLSSALLILYLDSARNLPSNPLEFNPDVLKKTAVQRALKSGKKISSNPNPVVQMSVGHKAQESKIRYKTNEPVWEENFTFFIHNPKRQDLEVEVRDEQHQCSLGNLKVPLSQLLTSEDMTVSQRFQLSNSGPNSTIKMKIALRVLHLEKRERPPDHQHSAQVKRPSVSKEGRKTSIKSHMSGSPGPGGSNTAPSTPVIGGSDKPGMEEKAQPPEAGPQGLHDLGRSSSSLLASPGHISVKEPTPSIASDISLPIATQELRQRLRQLENGTTLGQSPLGQIQLTIRHSSQRNKLIVVVHACRNLIAFSEDGSDPYVRMYLLPDKRRSGRRKTHVSKKTLNPVFDQSFDFSVSLPEVQRRTLDVAVKNSGGFLSKDKGLLGKVLVALASEELAKGWTQWYDLTEDGTRPQAMT
A0FGR8,>sp|A0FGR8|ESYT2_HUMAN Extended synaptotagmin-2 OS=Homo sapiens OX=9606 GN=ESYT2 PE=1 SV=1,MTANRDAALSSHRHPGCAQRPRTPTFASSSQRRSAFGFDDGNFPGLGERSHAPGSRLGARRRAKTARGLRGHRQRGAGAGLSRPGSARAPSPPRPGGPENPGGVLSVELPGLLAQLARSFALLLPVYALGYLGLSFSWVLLALALLAWCRRSRGLKALRLCRALALLEDEERVVRLGVRACDLPAWVHFPDTERAEWLNKTVKHMWPFICQFIEKLFRETIEPAVRGANTHLSTFSFTKVDVGQQPLRINGVKVYTENVDKRQIILDLQISFVGNCEIDLEIKRYFCRAGVKSIQIHGTMRVILEPLIGDMPLVGALSIFFLRKPLLEINWTGLTNLLDVPGLNGLSDTIILDIISNYLVLPNRITVPLVSEVQIAQLRFPVPKGVLRIHFIEAQDLQGKDTYLKGLVKGKSDPYGIIRVGNQIFQSRVIKENLSPKWNEVYEALVYEHPGQELEIELFDEDPDKDDFLGSLMIDLIEVEKERLLDEWFTLDEVPKGKLHLRLEWLTLMPNASNLDKVLTDIKADKDQANDGLSSALLILYLDSARNLPSGKKISSNPNPVVQMSVGHKAQESKIRYKTNEPVWEENFTFFIHNPKRQDLEVEVRDEQHQCSLGNLKVPLSQLLTSEDMTVSQRFQLSNSGPNSTIKMKIALRVLHLEKRERPPDHQHSAQVKRPSVSKEGRKTSIKSHMSGSPGPGGSNTAPSTPVIGGSDKPGMEEKAQPPEAGPQGLHDLGRSSSSLLASPGHISVKEPTPSIASDISLPIATQELRQRLRQLENGTTLGQSPLGQIQLTIRHSSQRNKLIVVVHACRNLIAFSEDGSDPYVRMYLLPDKRRSGRRKTHVSKKTLNPVFDQSFDFSVSLPEVQRRTLDVAVKNSGGFLSKDKGLLGKVLVALASEELAKGWTQWYDLTEDGTRPQAMT
M0R1B5,>tr|M0R1B5|M0R1B5_HUMAN Acetolactate synthase-like protein (Fragment) OS=Homo sapiens OX=9606 GN=ILVBL PE=1 SV=8,MARLSGTVGVAAVTAGPGLTNTVTAVKNAQMAQSPILLLGGAASTLLQNRGALQAVDQLSLFRPLCKFCVSVRRVRDIVPTLRAAMAAAQSGTPGPVFVELPVDVLYPYFMVQKEMVPAKPPKGLVGRVVSWYLENYLANLFAGAWEPQPEGPLPLDIPQASPQQ
E9PJS0,>tr|E9PJS0|E9PJS0_HUMAN Acetolactate synthase-like protein (Fragment) OS=Homo sapiens OX=9606 GN=ILVBL PE=1 SV=1,METPAAAAPAGSLFPSFLLLACGTLVAALLGAAHRLGLFYQLLHKVDKASVRHGGENVAAVLRAHGVRFIFTLVGGHISPLLVACEKLGIRVVDTRHEVTAVFAADAMARLSGTVGVAAVTAGPGLTNTVTAVKNAQMAQSPILLLGGAASTLLQNRGALQAVDQLSLFRPLCKFCVSVRRVRDIVPTLRAAMAAAQSGTPGPVFVELPVDVLYPYFMVQKEMVPAKPPKGLVGRVVSWYLENYLANLFAGAWEPQPEGPLP
A1L0T0,>sp|A1L0T0|HACL2_HUMAN 2-hydroxyacyl-CoA lyase 2 OS=Homo sapiens OX=9606 GN=ILVBL PE=1 SV=2,METPAAAAPAGSLFPSFLLLACGTLVAALLGAAHRLGLFYQLLHKVDKASVRHGGENVAAVLRAHGVRFIFTLVGGHISPLLVACEKLGIRVVDTRHEVTAVFAADAMARLSGTVGVAAVTAGPGLTNTVTAVKNAQMAQSPILLLGGAASTLLQNRGALQAVDQLSLFRPLCKFCVSVRRVRDIVPTLRAAMAAAQSGTPGPVFVELPVDVLYPYFMVQKEMVPAKPPKGLVGRVVSWYLENYLANLFAGAWEPQPEGPLPLDIPQASPQQVQRCVEILSRAKRPLMVLGSQALLTPTSADKLRAAVETLGVPCFLGGMARGLLGRNHPLHIRENRSAALKKADVIVLAGTVCDFRLSYGRVLSHSSKIIIVNRNREEMLLNSDIFWKPQEAVQGDVGSFVLKLVEGLQGQTWAPDWVEELREADRQKEQTFREKAAMPVAQHLNPVQVLQLVEETLPDNSILVVDGGDFVGTAAHLVQPRGPLRWLDPGAFGTLGVGAGFALGAKLCRPDAEVWCLFGDGAFGYSLIEFDTFVRHKIPVMALVGNDAGWTQISREQVPSLGSNVACGLAYTDYHKAAMGLGARGLLLSRENEDQVVKVLHDAQQQCRDGHPVVVNILIGRTDFRDGSIAV
M0R026,>tr|M0R026|M0R026_HUMAN Acetolactate synthase-like protein OS=Homo sapiens OX=9606 GN=ILVBL PE=1 SV=1,MARLSGTVGVAAVTAGPGLTNTVTAVKNAQMAQSPILLLGGAASTLLQNRGALQAVDQLSLFRPLCKFCVSVRRVRDIVPTLRAAMAAAQSGTPGPVFVELPVDVLYPYFMVQKEMVPAKPPKGLVGRVVSWYLENYLANLFAGAWEPQPEGPLPLDIPQASPQQVQRCVEILSRAKRPLMVLGSQALLTPTSADKLRAAVETLGVPCFLGGMARGLLGRNHPLHIRENRSAALKKADVIVLAGTVCDFRLSYGRVLSHSSKIIIVNRNREEMLLNSDIFWKPQEAVQGDVGSFVLKLVEGLQGQTWAPDWVEELREADRQKEQTFREKAAMPVAQHLNPVQVLQLVEETLPDNSILVVDGGDFVGTAAHLVQPRGPLRWLDPGAFGTLGVGAGFALGAKLCRPDAEVWCLFGDGAFGYSLIEFDTFVRHKIPVMALVGNDAGWTQISREQVPSLGSNVACGLAYTDYHKAAMGLGARGLLLSRENEDQVVKVLHDAQQQCRDGHPVVVNILIGRTDFRDGSIAV
E9PL44,>tr|E9PL44|E9PL44_HUMAN Acetolactate synthase-like protein (Fragment) OS=Homo sapiens OX=9606 GN=ILVBL PE=1 SV=1,METPAAAAPAGSLFPSFLLLACGTLVAALLGAAHRLGLFYQLLHKVDKASVRHGGENVAAVLRAHGVRFIFTLVGGHISPLLVACEKLGIRVVDTRHEVTAVFAADAMARLSGTVGVAAVTAGPGLTNTVTAVKNAQMAQSPILLLGGAASTLLQNRGALQAVDQL
M0QZX5,>tr|M0QZX5|M0QZX5_HUMAN Acetolactate synthase-like protein (Fragment) OS=Homo sapiens OX=9606 GN=ILVBL PE=1 SV=8,MVQKEMVPAKPPKGLVGRVVSWYLENYLANLFAGAWEPQPEGPLPLDIPQASPQQVQRCVEILSRAKRPLMVLGSQALLTPTSADKLRAAVETLGVPCFLGGMARGLLGRNHPLHIRENRSAALKKADVIVLAGTVCDFRLSYGRVLSHSSKIIIVNRNREEMLLNSDIFWKPQEAVQGDVGSFVLKLVEGLQGQTWAPDWVEELREADRQKEQTFREKAAMPVAQHLN
A2A274,">tr|A2A274|A2A274_HUMAN Aconitate hydratase, mitochondrial OS=Homo sapiens OX=9606 GN=ACO2 PE=1 SV=1",MAPYSLLVTRLQKALGVRQYHVASVLCQRAKVAMSHFEPNEYIHYDLLEKNINIVRKRLNRPLTLSEKIVYGHLDDPASQEIERGKSYLRLRPDRVAMQDATAQMAMLQFISSGLSKVAVPSTIHCDHLIEAQVGGEKDLRRAKDINQEVYNFLATAGAKYGVGFWKPGSGIIHQIILENYAYPGVLLIGTDSHTPNGGGLGGICIGVGGADAVDVMAGIPWELKCPKVIGVKLTGSLSGWSSPKDVILKVAGILTVKGGTGAIVEYHGPGVDSISCTGEEGGQATWPLPCAGPDGSPVGSRSGMATICNMGAEIGATTSVFPYNHRMKKYLSKTGREDIANLADEFKDHLVPDPGCHYDQLIEINLSELKPHINGPFTPDLAHPVAEVGKVAEKEGWPLDIRVGLIGSCTNSSYEDMGRSAAVAKQALAHGLKCKSQFTITPGSEQIRATIERDGYAQILRDLGGIVLANACGPCIGQWDRKDIKKGEKNTIVTSYNRNFTGRNDANPETHAFVTSPEIVTALAIAGTLKFNPETDYLTGTDGKKFRLEAPDADELPKGEFDPGQDTYQHPPKDSSGQHVDVSPTSQRLQLLEPFDKWDGKDLEDLQILIKVKGKCTTDHISAAGPWLKFRGHLDNISNNLLIGAINIENGKANSVRNAVTQEFGPVPDTARYYKKHGIRWVVIGDENYGEGSSREHAALEPRHLGGRAIITKSFARIHETNLKKQGLLPLTFADPADYNKIHPVDKLTIQGLKDFTPGKPLKCIIKHPNGTQETILLNHTFNETQIEWFRAGSALNRMKELQQ
Q99798,">sp|Q99798|ACON_HUMAN Aconitate hydratase, mitochondrial OS=Homo sapiens OX=9606 GN=ACO2 PE=1 SV=2",MAPYSLLVTRLQKALGVRQYHVASVLCQRAKVAMSHFEPNEYIHYDLLEKNINIVRKRLNRPLTLSEKIVYGHLDDPASQEIERGKSYLRLRPDRVAMQDATAQMAMLQFISSGLSKVAVPSTIHCDHLIEAQVGGEKDLRRAKDINQEVYNFLATAGAKYGVGFWKPGSGIIHQIILENYAYPGVLLIGTDSHTPNGGGLGGICIGVGGADAVDVMAGIPWELKCPKVIGVKLTGSLSGWSSPKDVILKVAGILTVKGGTGAIVEYHGPGVDSISCTGMATICNMGAEIGATTSVFPYNHRMKKYLSKTGREDIANLADEFKDHLVPDPGCHYDQLIEINLSELKPHINGPFTPDLAHPVAEVGKVAEKEGWPLDIRVGLIGSCTNSSYEDMGRSAAVAKQALAHGLKCKSQFTITPGSEQIRATIERDGYAQILRDLGGIVLANACGPCIGQWDRKDIKKGEKNTIVTSYNRNFTGRNDANPETHAFVTSPEIVTALAIAGTLKFNPETDYLTGTDGKKFRLEAPDADELPKGEFDPGQDTYQHPPKDSSGQHVDVSPTSQRLQLLEPFDKWDGKDLEDLQILIKVKGKCTTDHISAAGPWLKFRGHLDNISNNLLIGAINIENGKANSVRNAVTQEFGPVPDTARYYKKHGIRWVVIGDENYGEGSSREHAALEPRHLGGRAIITKSFARIHETNLKKQGLLPLTFADPADYNKIHPVDKLTIQGLKDFTPGKPLKCIIKHPNGTQETILLNHTFNETQIEWFRAGSALNRMKELQQ
H0YFD8,>tr|H0YFD8|H0YFD8_HUMAN Alpha-adducin (Fragment) OS=Homo sapiens OX=9606 GN=ADD1 PE=1 SV=1,EMRNKIREQNLQDIKTAGPQSQVLCGVVMDRSLVQRIWTRLENRKKRVLQTSLRSPTRLPALPSSWRKTLCRSRLLEMTVMLPPLSQLSPICPLMNLQKHSASQC
A2A3N8,>sp|P35611|ADDA_HUMAN Alpha-adducin OS=Homo sapiens OX=9606 GN=ADD1 PE=1 SV=2,MNGDSRAAVVTSPPPTTAPHKERYFDRVDENNPEYLRERNMAPDLRQDFNMMEQKKRVSMILQSPAFCEELESMIQEQFKKGKNPTGLLALQQIADFMTTNVPNVYPAAPQGGMAALNMSLGMVTPVNDLRGSDSIAYDKGEKLLRCKLAAFYRLADLFGWSQLIYNHITTRVNSEQEHFLIVPFGLLYSEVTASSLVKINLQGDIVDRGSTNLGVNQAGFTLHSAIYAARPDVKCVVHIHTPAGAAVSAMKCGLLPISPEALSLGEVAYHDYHGILVDEEEKVLIQKNLGPKSKVLILRNHGLVSVGESVEEAFYYIHNLVVACEIQVRTLASAGGPDNLVLLNPEKYKAKSRSPGSPVGEGTGSPPKWQIGEQEFEALMRMLDNLGYRTGYPYRYPALREKSKKYSDVEVPASVTGYSFASDGDSGTCSPLRHSFQKQQREKTRWLNSGRGDEASEEGQNGSSPKSKTKWTKEDGHRTSTSAVPNLFVPLNTNPKEVQEMRNKIREQNLQDIKTAGPQSQVLCGVVMDRSLVQGELVTASKAIIEKEYQPHVIVSTTGPNPFTTLTDRELEEYRREVERKQKGSEENLDEAREQKEKSPPDQPAVPHPPPSTPIKLEEDLVPEPTTGDDSDAATFKPTLPDLSPDEPSEALGFPMLEKEEEAHRPPSPTEAPTEASPEPAPDPAPVAEEAAPSAVEEGAAADPGSDGSPGKSPSKKKKKFRTPSFLKKSKKKSDS
P35611-3,>sp|P35611-3|ADDA_HUMAN Isoform 3 of Alpha-adducin OS=Homo sapiens OX=9606 GN=ADD1,MNGDSRAAVVTSPPPTTAPHKERYFDRVDENNPEYLRERNMAPDLRQDFNMMEQKKRVSMILQSPAFCEELESMIQEQFKKGKNPTGLLALQQIADFMTTNVPNVYPAAPQGGMAALNMSLGMVTPVNDLRGSDSIAYDKGEKLLRCKLAAFYRLADLFGWSQLIYNHITTRVNSEQEHFLIVPFGLLYSEVTASSLVKINLQGDIVDRGSTNLGVNQAGFTLHSAIYAARPDVKCVVHIHTPAGAAVSAMKCGLLPISPEALSLGEVAYHDYHGILVDEEEKVLIQKNLGPKSKVLILRNHGLVSVGESVEEAFYYIHNLVVACEIQVRTLASAGGPDNLVLLNPEKYKAKSRSPGSPVGEGTGSPPKWQIGEQEFEALMRMLDNLGYRTGYPYRYPALREKSKKYSDVEVPASVTGYSFASDGDSGTCSPLRHSFQKQQREKTRWLNSGRGDEASEEGQNGSSPKSKTKVWTNITHDHVKPLLQSLSSGVCVPSCITNCLWTKEDGHRTSTSAVPNLFVPLNTNPKEVQEMRNKIREQNLQDIKTAGPQSQVLCGVVMDRSLVQGELVTASKAIIEKEYQPHVIVSTTGPNPFTTLTDRELEEYRREVERKQKGSEENLDEAREQKEKSPPDQPAVPHPPPSTPIKLEEDLVPEPTTGDDSDAATFKPTLPDLSPDEPSEALGFPMLEKEEEAHRPPSPTEAPTEASPEPAPDPAPVAEEAAPSAVEEGAAADPGSDGSPGKSPSKKKKKFRTPSFLKKSKKKSDS
D6RF25,>tr|D6RF25|D6RF25_HUMAN Alpha-adducin (Fragment) OS=Homo sapiens OX=9606 GN=ADD1 PE=1 SV=8,MNGDSRAAVVTSPPPTTAPHKERYFDRVDENNPEYLRERNMAPDLRQDFNMMEQKKRVSMILQSPTRVNSEQEHFLIVPFGLLYSEVTASSLVKINLQGDIVDRGSTNLGVNQAGFTLHSAIYAARPDVKCVVHIHTPAGAA
D6RAH3,>tr|D6RAH3|D6RAH3_HUMAN Alpha-adducin (Fragment) OS=Homo sapiens OX=9606 GN=ADD1 PE=1 SV=1,MNGDSRAAVVTSPPPTTAPHKERYFDRVDENNPEYLRERNMAPDLRQDFNMMEQKKRVSMILQSPAFCEELESMIQEQFKKGKNPTGLLALQQIADFMTTNVPNVYPAAPQGGMAALNMSLGMVTPVNDLRGSDSIA
P35611-2,>sp|P35611-2|ADDA_HUMAN Isoform 2 of Alpha-adducin OS=Homo sapiens OX=9606 GN=ADD1,MNGDSRAAVVTSPPPTTAPHKERYFDRVDENNPEYLRERNMAPDLRQDFNMMEQKKRVSMILQSPAFCEELESMIQEQFKKGKNPTGLLALQQIADFMTTNVPNVYPAAPQGGMAALNMSLGMVTPVNDLRGSDSIAYDKGEKLLRCKLAAFYRLADLFGWSQLIYNHITTRVNSEQEHFLIVPFGLLYSEVTASSLVKINLQGDIVDRGSTNLGVNQAGFTLHSAIYAARPDVKCVVHIHTPAGAAVSAMKCGLLPISPEALSLGEVAYHDYHGILVDEEEKVLIQKNLGPKSKVLILRNHGLVSVGESVEEAFYYIHNLVVACEIQVRTLASAGGPDNLVLLNPEKYKAKSRSPGSPVGEGTGSPPKWQIGEQEFEALMRMLDNLGYRTGYPYRYPALREKSKKYSDVEVPASVTGYSFASDGDSGTCSPLRHSFQKQQREKTRWLNSGRGDEASEEGQNGSSPKSKTKWTKEDGHRTSTSAVPNLFVPLNTNPKEVQEMRNKIREQNLQDIKTAGPQSQVLCGVVMDRSLVQGELVTASKAIIEKEYQPHVIVSTTGPNPFTTLTDRELEEYRREVERKQKGSEENLDEAREQKEKSPPDQPAVPHPPPSTPIKLEEGDGCAREYLLP
Q86XM2,>sp|P35611|ADDA_HUMAN Alpha-adducin OS=Homo sapiens OX=9606 GN=ADD1 PE=1 SV=2,MNGDSRAAVVTSPPPTTAPHKERYFDRVDENNPEYLRERNMAPDLRQDFNMMEQKKRVSMILQSPAFCEELESMIQEQFKKGKNPTGLLALQQIADFMTTNVPNVYPAAPQGGMAALNMSLGMVTPVNDLRGSDSIAYDKGEKLLRCKLAAFYRLADLFGWSQLIYNHITTRVNSEQEHFLIVPFGLLYSEVTASSLVKINLQGDIVDRGSTNLGVNQAGFTLHSAIYAARPDVKCVVHIHTPAGAAVSAMKCGLLPISPEALSLGEVAYHDYHGILVDEEEKVLIQKNLGPKSKVLILRNHGLVSVGESVEEAFYYIHNLVVACEIQVRTLASAGGPDNLVLLNPEKYKAKSRSPGSPVGEGTGSPPKWQIGEQEFEALMRMLDNLGYRTGYPYRYPALREKSKKYSDVEVPASVTGYSFASDGDSGTCSPLRHSFQKQQREKTRWLNSGRGDEASEEGQNGSSPKSKTKWTKEDGHRTSTSAVPNLFVPLNTNPKEVQEMRNKIREQNLQDIKTAGPQSQVLCGVVMDRSLVQGELVTASKAIIEKEYQPHVIVSTTGPNPFTTLTDRELEEYRREVERKQKGSEENLDEAREQKEKSPPDQPAVPHPPPSTPIKLEEDLVPEPTTGDDSDAATFKPTLPDLSPDEPSEALGFPMLEKEEEAHRPPSPTEAPTEASPEPAPDPAPVAEEAAPSAVEEGAAADPGSDGSPGKSPSKKKKKFRTPSFLKKSKKKSDS
E7EV99,>tr|E7EV99|E7EV99_HUMAN Alpha-adducin OS=Homo sapiens OX=9606 GN=ADD1 PE=1 SV=1,MNGDSRAAVVTSPPPTTAPHKERYFDRVDENNPEYLRERNMAPDLRQDFNMMEQKKRVSMILQSPAFCEELESMIQEQFKKGKNPTGLLALQQIADFMTTNVPNVYPAAPQGGMAALNMSLGMVTPVNDLRGSDSIAYDKGEKLLRCKLAAFYRLADLFGWSQLIYNHITTRVNSEQEHFLIVPFGLLYSEVTASSLVKINLQGDIVDRGSTNLGVNQAGFTLHSAIYAARPDVKCVVHIHTPAGAAVSAMKCGLLPISPEALSLGEVAYHDYHGILVDEEEKVLIQKNLGPKSKVLILRNHGLVSVGESVEEAFYYIHNLVVACEIQVRTLASAGGPDNLVLLNPEKYKAKSRSPGSPVGEGTGSPPKWQIGEQEFEALMRMLDNLGYRTGYPYRYPALREKSKKYSDVEVPASVTGYSFASDGDSGTCSPLRHSFQKQQREKTRWLNSGRGDEASEEGQNGSSPKSKTKWTKEDGHRTSTSAVPNLFVPLNTNPKEVQEMRNKIREQNLQDIKTAGPQSQVLCGVVMDRSLVQGELVTASKAIIEKEYQPHVIVSTTGPNPFTTLTDRELEEYRREVERKQKGSEENLDEAREQKEKSPPDQPAVPHPPPSTPIKLEEAGDGCAREYLLP
H0Y9H2,>tr|H0Y9H2|H0Y9H2_HUMAN Alpha-adducin (Fragment) OS=Homo sapiens OX=9606 GN=ADD1 PE=1 SV=1,XVLILRNHGLVSVGESVEEAFYYIHNLVVACEIQVRTLASAGGPDNLVLLNPEKYKAKSRSPGSPVGEGTGSPPKWQIGEQEFEALMRMLDNLGYRTGYPYRYPALREKSKKYSDVEVPASVTGYSFASDGDSGTCSPLRHSFQKQQREKTRWLNSGRGDEASEEGQNGSSPKSKTKVWTNITHDHVKPLLQSLSSGVCVPSCITNCLWTKEDGHRTSTSAVPNLFVPLNTNPKEVQEMRNKIREQNLQDIKTAGPQSQVLCGVVMDRSLVQGELVTASKAIIEKEYQPHVIVSTTGPNPFTTLTDRELEEYRREVERKQKGSEENLDEAREQKEKSPPDQPAVPHPPPSTPIKLEEDLVPEPTTGDDSDAATFKPTLPDLSPDEPSEALGFPMLEKEEEAHRPPSPTEAPTEASPEPAPDPAPVAEEAAPSAVEEGAAADPGS
H0YG19,>tr|H0YG19|H0YG19_HUMAN Alpha-adducin (Fragment) OS=Homo sapiens OX=9606 GN=ADD1 PE=1 SV=1,XVSTTGPNPFTTLTDRELEEYRREVERKQKGSEENLDEAREQKEKSPPDQPAVPHPPPSTPIKLEEGKTDLYVSCDQTLCRSRLLEMTVMLPPLSQLSPICPLMNLQKHSASQC
D6RJE2,>tr|D6RJE2|D6RJE2_HUMAN Alpha-adducin OS=Homo sapiens OX=9606 GN=ADD1 PE=1 SV=1,MNGDSRAAVVTSPPPTTAPHKERYFDRVDENNPEYLRERNMAPDLRQDFNMMEQKKRVSMILQSPVLVW
P35611,>sp|P35611|ADDA_HUMAN Alpha-adducin OS=Homo sapiens OX=9606 GN=ADD1 PE=1 SV=2,MNGDSRAAVVTSPPPTTAPHKERYFDRVDENNPEYLRERNMAPDLRQDFNMMEQKKRVSMILQSPAFCEELESMIQEQFKKGKNPTGLLALQQIADFMTTNVPNVYPAAPQGGMAALNMSLGMVTPVNDLRGSDSIAYDKGEKLLRCKLAAFYRLADLFGWSQLIYNHITTRVNSEQEHFLIVPFGLLYSEVTASSLVKINLQGDIVDRGSTNLGVNQAGFTLHSAIYAARPDVKCVVHIHTPAGAAVSAMKCGLLPISPEALSLGEVAYHDYHGILVDEEEKVLIQKNLGPKSKVLILRNHGLVSVGESVEEAFYYIHNLVVACEIQVRTLASAGGPDNLVLLNPEKYKAKSRSPGSPVGEGTGSPPKWQIGEQEFEALMRMLDNLGYRTGYPYRYPALREKSKKYSDVEVPASVTGYSFASDGDSGTCSPLRHSFQKQQREKTRWLNSGRGDEASEEGQNGSSPKSKTKWTKEDGHRTSTSAVPNLFVPLNTNPKEVQEMRNKIREQNLQDIKTAGPQSQVLCGVVMDRSLVQGELVTASKAIIEKEYQPHVIVSTTGPNPFTTLTDRELEEYRREVERKQKGSEENLDEAREQKEKSPPDQPAVPHPPPSTPIKLEEDLVPEPTTGDDSDAATFKPTLPDLSPDEPSEALGFPMLEKEEEAHRPPSPTEAPTEASPEPAPDPAPVAEEAAPSAVEEGAAADPGSDGSPGKSPSKKKKKFRTPSFLKKSKKKSDS
E7ENY0,>tr|E7ENY0|E7ENY0_HUMAN Alpha-adducin OS=Homo sapiens OX=9606 GN=ADD1 PE=1 SV=1,MNGDSRAAVVTSPPPTTAPHKERYFDRVDENNPEYLRERNMAPDLRQDFNMMEQKKRVSMILQSPAFCEELESMIQEQFKKGKNPTGLLALQQIADFMTTNVPNVYPAAPQGGMAALNMSLGMVTPVNDLRGSDSIAYDKGEKLLRCKLAAFYRLADLFGWSQLIYNHITTRVNSEQEHFLIVPFGLLYSEVTASSLVKINLQGDIVDRGSTNLGVNQAGFTLHSAIYAARPDVKCVVHIHTPAGAAVSAMKCGLLPISPEALSLGEVAYHDYHGILVDEEEKVLIQKNLGPKSKVLILRNHGLVSVGESVEEAFYYIHNLVVACEIQVRTLASAGGPDNLVLLNPEKYKAKSRSPGSPVGEGTGSPPKWQIGEQEFEALMRMLDNLGYRTGYPYRYPALREKSKKYSDVEVPASVTGYSFASDGDSGTCSPLRHSFQKQQREKTRWLNSGRGDEASEEGQNGSSPKSKTKVWTNITHDHVKPLLQSLSSGVCVPSCITNCLWTKEDGHRTSTSAVPNLFVPLNTNPKEVQEMRNKIREQNLQDIKTAGPQSQVLCGVVMDRSLVQGELVTASKAIIEKEYQPHVIVSTTGPNPFTTLTDRELEEYRREVERKQKGSEENLDEAREQKEKSPPDQPAVPHPPPSTPIKLEEAGDGCAREYLLP
P30499,">sp|P10321|HLAC_HUMAN HLA class I histocompatibility antigen, C alpha chain OS=Homo sapiens OX=9606 GN=HLA-C PE=1 SV=3",MRVMAPRALLLLLSGGLALTETWACSHSMRYFDTAVSRPGRGEPRFISVGYVDDTQFVRFDSDAASPRGEPRAPWVEQEGPEYWDRETQKYKRQAQADRVSLRNLRGYYNQSEDGSHTLQRMSGCDLGPDGRLLRGYDQSAYDGKDYIALNEDLRSWTAADTAAQITQRKLEAARAAEQLRAYLEGTCVEWLRRYLENGKETLQRAEPPKTHVTHHPLSDHEATLRCWALGFYPAEITLTWQRDGEDQTQDTELVETRPAGDGTFQKWAAVVVPSGQEQRYTCHMQHEGLQEPLTLSWEPSSQPTIPIMGIVAGLAVLVVLAVLGAVVTAMMCRRKSSGGKGGSCSQAACSNSAQGSDESLITCKA
Q31612,">sp|P01889|HLAB_HUMAN HLA class I histocompatibility antigen, B alpha chain OS=Homo sapiens OX=9606 GN=HLA-B PE=1 SV=3",MLVMAPRTVLLLLSAALALTETWAGSHSMRYFYTSVSRPGRGEPRFISVGYVDDTQFVRFDSDAASPREEPRAPWIEQEGPEYWDRNTQIYKAQAQTDRESLRNLRGYYNQSEAGSHTLQSMYGCDVGPDGRLLRGHDQYAYDGKDYIALNEDLRSWTAADTAAQITQRKWEAAREAEQRRAYLEGECVEWLRRYLENGKDKLERADPPKTHVTHHPISDHEATLRCWALGFYPAEITLTWQRDGEDQTQDTELVETRPAGDRTFQKWAAVVVPSGEEQRYTCHVQHEGLPKPLTLRWEPSSQSTVPIVGIVAGLAVLAVVVIGAVVAAVMCRRKSSGGKGGSYSQAACSDSAQGSDVSLTA
F8W9Z8,">tr|F8W9Z8|F8W9Z8_HUMAN HLA class I histocompatibility antigen, C alpha chain OS=Homo sapiens OX=9606 GN=HLA-C PE=1 SV=1",MRVMAPRALLLLLSGGLALTETWACSHSMRYFDTAVSRPGRGEPRFISVGYVDDTQFVRFDSDAASPRGEPRAPWVEQEGPEYWDRETQKYKRQAQADRVSLRNLRGYYNQSEDEDVWLRPGARRAPPPRV
Q95604,">sp|P10321|HLAC_HUMAN HLA class I histocompatibility antigen, C alpha chain OS=Homo sapiens OX=9606 GN=HLA-C PE=1 SV=3",MRVMAPRALLLLLSGGLALTETWACSHSMRYFDTAVSRPGRGEPRFISVGYVDDTQFVRFDSDAASPRGEPRAPWVEQEGPEYWDRETQKYKRQAQADRVSLRNLRGYYNQSEDGSHTLQRMSGCDLGPDGRLLRGYDQSAYDGKDYIALNEDLRSWTAADTAAQITQRKLEAARAAEQLRAYLEGTCVEWLRRYLENGKETLQRAEPPKTHVTHHPLSDHEATLRCWALGFYPAEITLTWQRDGEDQTQDTELVETRPAGDGTFQKWAAVVVPSGQEQRYTCHMQHEGLQEPLTLSWEPSSQPTIPIMGIVAGLAVLVVLAVLGAVVTAMMCRRKSSGGKGGSCSQAACSNSAQGSDESLITCKA
P10321,">sp|P10321|HLAC_HUMAN HLA class I histocompatibility antigen, C alpha chain OS=Homo sapiens OX=9606 GN=HLA-C PE=1 SV=3",MRVMAPRALLLLLSGGLALTETWACSHSMRYFDTAVSRPGRGEPRFISVGYVDDTQFVRFDSDAASPRGEPRAPWVEQEGPEYWDRETQKYKRQAQADRVSLRNLRGYYNQSEDGSHTLQRMSGCDLGPDGRLLRGYDQSAYDGKDYIALNEDLRSWTAADTAAQITQRKLEAARAAEQLRAYLEGTCVEWLRRYLENGKETLQRAEPPKTHVTHHPLSDHEATLRCWALGFYPAEITLTWQRDGEDQTQDTELVETRPAGDGTFQKWAAVVVPSGQEQRYTCHMQHEGLQEPLTLSWEPSSQPTIPIMGIVAGLAVLVVLAVLGAVVTAMMCRRKSSGGKGGSCSQAACSNSAQGSDESLITCKA
A2AEA2,">tr|A2AEA2|A2AEA2_HUMAN HLA class I histocompatibility antigen, C alpha chain OS=Homo sapiens OX=9606 GN=HLA-C PE=1 SV=2",MRVMAPRALLLLLSGGLALTETWACSHSMRYFDTAVSRPGRGEPRFISVGYVDDTQFVRFDSDAASPRGEPRAPWVEQEGPEYWDRETQKYKRQAQADRVSLRNLRGYYNQSEDGSHTLQRMSGCDLGPDGRLLRGYDQSAYDGKDYIALNEDLRSWTAADTAAQITQRKLEAARAAEQLRAYLEGTCVEWLRRYLENGKETLQRAEPPKTHVTHHPLSDHEATLRCWALGFYPAEITLTWQRDGEDQTQDTELVETRPAGDGTFQKWAAVVVPSGQEQRYTCHMQHEGLQEPLTLSWEPSSQPTIPIMGIVAGLAVLVVLAVLGAVVTAMMCRRKSSGHFLPTGGKGGSCSQAACSNSAQGSDESLITCKA
A2RRP1-2,>sp|A2RRP1-2|NBAS_HUMAN Isoform 2 of Neuroblastoma-amplified sequence OS=Homo sapiens OX=9606 GN=NBAS,MAAPESGPALSPGTAEGEEETILYDLLVNTEWPPETEVQPRGNQKHGASFIITKAIRDRLLFLRQYIWYSPAPFLLPDGLVRLVNKQINWHLVLASNGKLLAAVQDQCVEIRSAKDDFTSIIGKCQVPKDPKPQWRRVAWSYDCTLLAYAESTGTVRVFDLMGSELFVISPASSFIGDLSYAIAGLIFLEYKASAQWSAELLVINYRGELRSYLVSVGTNQSYQESHCFSFSSHYPHGINTAIYHPGHRLLLVGGCETAEVGMSKASSCGLSAWRVLSGSPYYKQVTNGGDGVTAVPKTLGLLRMLSVKFYSRQGQEQDGIFKMSLSPDGMLLAAIHFSGKLSIWAIPSLKQQGEWGQNEQPGYDDLNPDWRLSTEKRKKIKDKESFYPLIDVNWWADSAVTLARCSGALTVSSVKTLKNLLGKSCEWFEPSPQVTATHDGGFLSLECEIKLAPKRSRLETRAGEEDEGEEDSDSDYEISAKARYFGYIKQGLYLVTEMERFAPPRKRPRTITKNYRLVSLRSTTPEELYQRKIESEEYEEALSLAHTYGLDTDLVYQRQWRKSAVNVASIQNYLSKIKKRSWVLHECLERVPENVDAAKELLQYGLKGTDLEALLAIGKGADDGRFTLPGEIDIDSISYEELSPPDEEPAKNKKEKELKKRQELLKLVNFSKLTLEQKELCRCRRKLLTYLDRLATYEEILGVPHASEQRYDAEFFKKFRNQNIVLSARTYAQESNVQALEILFTYHGSDLLPHRLAILSNFPETTSPHEYSVLLPEACFNGDSLMIIPWHEHKHRAKDWCEELACRMVVEPNLQDESEFLYAAQPELLRFRMTQLTVEKVMDWYQTRAEEIEHYARQLQQKIIPDQDQLMAIALECIYTCERNDQLCLCYDLLECLPERGYGDKTEATTKLHDMVDQLEQILSVSELLEKHGLEKPISFVKNTQSSSEEARKLMVRLTRHTGRKQPPVSESHWRTLLQDMLTMQQNVYTCLDSDACYEIFTESLLCSSRLENIHLAGQMMHCSACSENPPAGIAHKGKPHYRVSYEKSIDLVLAASREYFNSSTNLTDSCMDLARCCLQLITDRPPAIQEELDLIQAVGCLEEFGVKILPLQVRLCPDRISLIKECISQSPTCYKQSTKLLGLAELLRVAGENPEERRGQVLILLVEQALRFHDYKAASMHCQELMATGYPKSWDVCSQLGQSEGYQDLATRQELMAFALTHCPPSSIELLLAASSSLQTEILYQRVNFQIHHEGGENISASPLTSKAVQEDEVGVPGSNSADLLRWTTATTMKVLSNTTTTTKAVLQAVSDGQWWKKSLTYLRPLQGQKCGGAYQIGTTANEDLEKQGCHPFYESVISNPFVAESEGTYDTYQHVPVESFAEVLLRTGKLAEAKNKGEVFPTTEVLLQLASEALPNDMTLALAYLLALPQVLDANRCFEKQSPSALSLQLAAYYYSLQIYARLAPCFRDKCHPLYRADPKELIKMVTRHVTRHEHEAWPEDLISLTKQLHCYNERLLDFTQAQILQGLRKGVDVQRFTADDQYKRETILGLAETLEESVYSIAISLAQRYSVSRWEVFMTHLEFLFTDSGLSTLEIENRAQDLHLFETLKTDPEAFHQHMVKYIYPTIGGFDHERLQYYFTLLENCGCADLGNCAIKPETHIRLLKKFKVVASGLNYKKLTDENMSPLEALEPVLSSQNILSISKLVPKIPEKDGQMLSPSSLYTIWLQKLFWTGDPHLIKQVPGSSPEWLHAYDVCMKYFDRLHPGDLITVVDAVTFSPKAVTKLSVEARKEMTRKAIKTVKHFIEKPRKRNSEDEAQEAKDSKVTYADTLNHLEKSLAHLETLSHSFILSLKNSEQETLQKYSHLYDLSRSEKEKLHDEAVAICLDGQPLAMIQQLLEVAVGPLDISPKDIVQSAIMKIISALSGGSADLGGPRDPLKVLEGVVAAVHASVDKGEELVSPEDLLEWLRPFCADDAWPVRPRIHVLQILGQSFHLTEEDSKLLVFFRTEAILKASWPQRQVDIADIENEENRYCLFMELLESSHHEAEFQHLVLLLQAWPPMKSEYVITNNPWVRLATVMLTRCTMENKEGLGNEVLKMCRSLYNTKQMLPAEGVKELCLLLLNQSLLLPSLKLLLESRDEHLHEMALEQITAVTTVNDSNCDQELLSLLLDAKLLVKCVSTPFYPRIVDHLLASLQQGRWDAEELGRHLREAGHEAEAGSLLLAVRGTHQAFRTFSTALRAAQHWV
A2RRP1,>sp|A2RRP1|NBAS_HUMAN Neuroblastoma-amplified sequence OS=Homo sapiens OX=9606 GN=NBAS PE=1 SV=2,MAAPESGPALSPGTAEGEEETILYDLLVNTEWPPETEVQPRGNQKHGASFIITKAIRDRLLFLRQYIWYSPAPFLLPDGLVRLVNKQINWHLVLASNGKLLAAVQDQCVEIRSAKDDFTSIIGKCQVPKDPKPQWRRVAWSYDCTLLAYAESTGTVRVFDLMGSELFVISPASSFIGDLSYAIAGLIFLEYKASAQWSAELLVINYRGELRSYLVSVGTNQSYQESHCFSFSSHYPHGINTAIYHPGHRLLLVGGCETAEVGMSKASSCGLSAWRVLSGSPYYKQVTNGGDGVTAVPKTLGLLRMLSVKFYSRQGQEQDGIFKMSLSPDGMLLAAIHFSGKLSIWAIPSLKQQGEWGQNEQPGYDDLNPDWRLSTEKRKKIKDKESFYPLIDVNWWADSAVTLARCSGALTVSSVKTLKNLLGKSCEWFEPSPQVTATHDGGFLSLECEIKLAPKRSRLETRAGEEDEGEEDSDSDYEISAKARYFGYIKQGLYLVTEMERFAPPRKRPRTITKNYRLVSLRSTTPEELYQRKIESEEYEEALSLAHTYGLDTDLVYQRQWRKSAVNVASIQNYLSKIKKRSWVLHECLERVPENVDAAKELLQYGLKGTDLEALLAIGKGADDGRFTLPGEIDIDSISYEELSPPDEEPAKNKKEKELKKRQELLKLVNFSKLTLEQKELCRCRRKLLTYLDRLATYEEILGVPHASEQRYDAEFFKKFRNQNIVLSARTYAQESNVQALEILFTYHGSDLLPHRLAILSNFPETTSPHEYSVLLPEACFNGDSLMIIPWHEHKHRAKDWCEELACRMVVEPNLQDESEFLYAAQPELLRFRMTQLTVEKVMDWYQTRAEEIEHYARQVDCALSLIRLGMERNIPGLLVLCDNLVTLETLVYEARCDVTLTLKELQQMKDIEKLRLLMNSCSEDKYVTSAYQWMVPFLHRCEKQSPGVANELLKEYLVTLAKGDLKFPLKIFQHSKPDLQQKIIPDQDQLMAIALECIYTCERNDQLCLCYDLLECLPERGYGDKTEATTKLHDMVDQLEQILSVSELLEKHGLEKPISFVKNTQSSSEEARKLMVRLTRHTGRKQPPVSESHWRTLLQDMLTMQQNVYTCLDSDACYEIFTESLLCSSRLENIHLAGQMMHCSACSENPPAGIAHKGKPHYRVSYEKSIDLVLAASREYFNSSTNLTDSCMDLARCCLQLITDRPPAIQEELDLIQAVGCLEEFGVKILPLQVRLCPDRISLIKECISQSPTCYKQSTKLLGLAELLRVAGENPEERRGQVLILLVEQALRFHDYKAASMHCQELMATGYPKSWDVCSQLGQSEGYQDLATRQELMAFALTHCPPSSIELLLAASSSLQTEILYQRVNFQIHHEGGENISASPLTSKAVQEDEVGVPGSNSADLLRWTTATTMKVLSNTTTTTKAVLQAVSDGQWWKKSLTYLRPLQGQKCGGAYQIGTTANEDLEKQGCHPFYESVISNPFVAESEGTYDTYQHVPVESFAEVLLRTGKLAEAKNKGEVFPTTEVLLQLASEALPNDMTLALAYLLALPQVLDANRCFEKQSPSALSLQLAAYYYSLQIYARLAPCFRDKCHPLYRADPKELIKMVTRHVTRHEHEAWPEDLISLTKQLHCYNERLLDFTQAQILQGLRKGVDVQRFTADDQYKRETILGLAETLEESVYSIAISLAQRYSVSRWEVFMTHLEFLFTDSGLSTLEIENRAQDLHLFETLKTDPEAFHQHMVKYIYPTIGGFDHERLQYYFTLLENCGCADLGNCAIKPETHIRLLKKFKVVASGLNYKKLTDENMSPLEALEPVLSSQNILSISKLVPKIPEKDGQMLSPSSLYTIWLQKLFWTGDPHLIKQVPGSSPEWLHAYDVCMKYFDRLHPGDLITVVDAVTFSPKAVTKLSVEARKEMTRKAIKTVKHFIEKPRKRNSEDEAQEAKDSKVTYADTLNHLEKSLAHLETLSHSFILSLKNSEQETLQKYSHLYDLSRSEKEKLHDEAVAICLDGQPLAMIQQLLEVAVGPLDISPKDIVQSAIMKIISALSGGSADLGGPRDPLKVLEGVVAAVHASVDKGEELVSPEDLLEWLRPFCADDAWPVRPRIHVLQILGQSFHLTEEDSKLLVFFRTEAILKASWPQRQVDIADIENEENRYCLFMELLESSHHEAEFQHLVLLLQAWPPMKSEYVITNNPWVRLATVMLTRCTMENKEGLGNEVLKMCRSLYNTKQMLPAEGVKELCLLLLNQSLLLPSLKLLLESRDEHLHEMALEQITAVTTVNDSNCDQELLSLLLDAKLLVKCVSTPFYPRIVDHLLASLQQGRWDAEELGRHLREAGHEAEAGSLLLAVRGTHQAFRTFSTALRAAQHWV
H7C007,>tr|H7C007|H7C007_HUMAN Neuroblastoma-amplified sequence (Fragment) OS=Homo sapiens OX=9606 GN=NBAS PE=1 SV=1,LSVEARKEMTRKAIKTVKHFIEKPRKRNSEDEAQEAKDSKVTYADTLNHLEKSLAHLETLSHSFILSLKNSEQETLQKYSHLYDLSRSEKEKLHDEAVAICLDGQPLAMIQQLLEVAVGPLDISPKDIVQSAIMKIISALSGGSADLGGPRDPLKVLEGVVAAVHASVDKG
C9JCM7,>tr|C9JCM7|C9JCM7_HUMAN Neuroblastoma-amplified sequence (Fragment) OS=Homo sapiens OX=9606 GN=NBAS PE=1 SV=1,MTQLTVEKVMDWYQTRAEEIEHYARQLQQKIIPDQDQLMAIALECIYTCERNDQLCLCYDLLECLPERGYGDKTEATTKLHDMVDQLEQILSVSELLEKHGLEKPISFVKNTQSSSEEARKLMVRLTRHTGRKQPPVSESHWRTLLQDMLTMQQNVYTCLDSDACYEIFTESLLCSSRLENIHLAGQMMHCSACSENPPAGIAHKGKPHYRVSYEKSIDLVLAASREYFNSSTNLTDSCMDLARCCLQLITDRPPAIQEELDLIQAVGCLEEFGVKILPLQ
H7C1U4,>tr|H7C1U4|H7C1U4_HUMAN Neuroblastoma-amplified sequence (Fragment) OS=Homo sapiens OX=9606 GN=NBAS PE=1 SV=1,XASSCGLSAWRVLSGSPYYKQVTNGGDGVTAVPKTLGLLRMLSVKFYSRQGQEQDGIFKMSLSPDGMLLAAIHFSGKLSIWAIPSLKQQGEWGQNEQVLD
H7BZR3,>tr|H7BZR3|H7BZR3_HUMAN Neuroblastoma-amplified sequence (Fragment) OS=Homo sapiens OX=9606 GN=NBAS PE=1 SV=1,VDIADIENEENRYCLFMELLESSHHEAEFQHLVLLLQAWPPMKSEYVITNNPWVRLATVMLTRCTMENKEGLGNEVLKMCRSLYNTKQMLPAEVNDSNCDQELLSLLLDAKLLVKCVSTPFYPRIVDHLLASLQQGRWDAEELGRHLREAGHEAEAGSLLLAVRGTHQAFRTFSTALRAAQHWV
H0Y5G7,>tr|H0Y5G7|H0Y5G7_HUMAN Neuroblastoma-amplified sequence (Fragment) OS=Homo sapiens OX=9606 GN=NBAS PE=1 SV=1,XMTQLTVEKVMDWYQTRAEEIEHYARQLQQKIIPDQDQLMAIALECIYTCERNDQLCLCYDLLECLPERGYGDKTEATTKLHDMVDQLEQILSVSELLEKHGLEKPISFVKNTQSSSEEARKLMVRLTRHTGRKQPPVSESHWRTLLQDMLTMQQNVYTCLDSDACYEIFTESLLCSSRLENIHLAGQMMHCSACSENPPAGIAHKGKPHYRVSYEKSIDLVLAASREYFNSSTNLTDSCMDLARCCLQLITDRPPAIQEELDLIQAVGCLEEFGVKILPLQVRLCPDRISLIKECISQSPTCYKQSTKLLGLAELLRVAGENPEERRGQVLILLVEQALRFHDYKAASMHCQELMATGYPKSWDVCSQLGQSEGYQDLATRQELMAFALTHCPPSSIELLLAASSSLQTEILYQRVNFQIHHEGGENISASPLTSKAVQEDEVGVPGSNSADLLRWTTATTMKVLSNTTTTTKAVLQAVSDGQWWKKSLTYLRPLQGQKCGGAYQIGTTANEDLEKQGCHPFYESVISNPFVAESEGTYDTYQHVPVESFAEVLLRTGKLAEAKNKGEVFPTTEVLLQLASEALPNDMTLALAYLLALPQVLDANRCFEKQSPSALSLQLAAYYYSLQIYARLAPCFRDKCHPLYRADPKELIKMVTRHVTRHEHEAWPEDLISLTKQLHCYNERLLDFTQAQILQGLRKGVDVQRFTADDQYKRETILGLAETLEESVYSIAISLAQRYSVSRWEVFMTHLEFLFTDSGLSTLEIENRAQDLHLFETLKTDPEAFHQHMVKYIYPTIGGFDHERLQYYFTLLENCGCADLGNCAIKPETHIRLLKKFKVVASGLNYKKLTDENMSPLEALEPVLSSQNILSISKLVPKIPEKDGQMLSPSSLYTIWLQKLFWTGDPHLIKQVPGSSPEWLHAYDVCMKYFDRLHPGDLITVVDAVTFSPKAVTKLSVEARKEMTRKAIKTVKHFIEKPRKRNSEDEAQEAKDSKVTYADTLNHLEKSLAHLETLSHSFILSLKNSEQETLQKYSHLYDLSRSEKEKLHDEAVAICLDGQPLAMIQQLLEVAVGPLDISPKDIVQSAIMKIISALSGGSADLGGPRDPLKVLEGVVAAVHASVDKGEELVSPEDLLEWLRPFCADDAWPVRPRIHVLQILGQSFHLTEEDSKLLVFFRTEAILKASWPQRQVDIADIENEENRYCLFMELLESSHHEAEFQHLVLLLQAWPPMKSEYVITNNPWVRLATVMLTRCTMENKEGLGNEVLKMCRSLYNTKQMLPAEGVKELCLLLLNQSLLLPSLKLLLESRDEHLHEMALEQITAVTTVNDSNCDQELLSLLLDAKLLVKCVSTPFYPRIVDHLLASLQQGRWDAEELGRHLREAGHEAEAGSLLLAVRGTHQAFRTFSTALRAAQHWV
H7BZU5,>tr|H7BZU5|H7BZU5_HUMAN Neuroblastoma-amplified sequence (Fragment) OS=Homo sapiens OX=9606 GN=NBAS PE=1 SV=1,XKELQQMKDIEKLRLLMNSCSEDKYVTSAYQWMVPFLHRCEKQSPGVANELLKEYLVTLAKGDLKFPLKIFQHSKPDLQQKIIPDQDQLMAIALECIYTCERNDQLCLCYDLLECLPERGYGDKTEATTKLHDMVDQLEQILSVSELLEKHGLEKPISFVKNTQSSSEEARKLMVRLTRHTGRNLFTTSLSVDIWVILSFGFYK
A3KMH1-3,>sp|A3KMH1-3|VWA8_HUMAN Isoform 3 of von Willebrand factor A domain-containing protein 8 OS=Homo sapiens OX=9606 GN=VWA8,GTPLDPRAPSPSPTAGSGADTGDTVNIGDVSYKLKIPKNPELVPQNYISDSLAQSVVQHLRWIMQKDLLGQDVFLIGPPGPLRRSIAMQYLELTKREVEYIALSRDTTETDLKQRREIRAGTAFYIDQCAVRAATEGRTLILEGLEKAERNVLPVLNNLLENREMQLEDGRFLMSAERYDKLLRDHTKKELDSWKIVRVSENFRVIALGLPVPRYSGNPLDPPLRSRFQARDIYYLPFKDQLKLLYSIGANVSAEKVSQLLSFATTLCSQESSTLGLPDFPLDSLAAAVQILDSFPMMPIKHAIQWLYPYSILLGHEGKMAVEGVLKRFELQDSGSSLLPKEIVKVEKMMENHVSQASVTIRIADKEVTIKVPAGTRLLSQPCASDRFIQTLSHKQLQAEMMQSHMVKDICLIGGKGCGKTVIAKNFADTLGYNIEPIMLYQDMTARDLLQQRYTLPNGDTAWRSSPLVNAALEGKLVLLDGIHRVNAGTLAVLQRLIHDRELSLYDGSRLLREDRYMRLKEELQLSDEQLQKRSIFPIHPSFRIIALAEPPVIGSTAHQWLGPEFLTMFFFHYMKPLVKSEEIQVIKEKVPNVPQEALDKLLSFTHKLRETQDPTAQSLAASLSTRQLLRISRRLSQYPNENLHSAVTKACLSRFLPSLARSALEKNLADATIEINTDDNLEPELKDYKCEVTSGTLRIGAVSAPIYNAHEKMKVPDVLFYDNIQHVIVMEDMLKDFLLGEHLLLVGNQGVGKNKIVDRFLHLLNRPREYIQLHRDTTVQTLTLQPSVKDGLIVYEDSPLVKAVKLGHILVVDEADKAPTNVTCILKTLVENGEMILADGRRIVANSANVNGRENVVVIHPDFRMIVLANRPGFPFLGNDFFGTLGDIFSCHAVDNPKPHSELEMLRQYGPNVPEPILQKLVAAFGELRSLADQGIINYPYSTREVVNIVKHLQKFPTEGLSSVVRNVFDFDSYNNDMREILINTLHKYGIPIGAKPTSVQLAKELTLPEQTFMGYWTIGQARSGMQKLLCPVETHHIDIKGPALINIQEYPIERHEERSLNFTEECASWRIPLDEINIICDIATSHENEQNTLYVVTCNPASLYFMNMTGKSGFFVDFFDIFPRTANGVWHPFVTVAPLGSPLKGQVVLHEQQSNVILLLDTTGRALHRLILPSEKFTSKKPFWWNKEEAETYKMCKEFSHKNWLVFYKEKGNSLTVLDVLEGRTHTISLPINLKTVFLVAEDKWLLVESKTNQKYLLTKPAHIESEGSGVCQLYVLKEEPPSTGFGVTQETEFSIPHKISSDQLSSEHLSSAVEQKIASPNRILSDEKNYATIVVGFPDLMSPSEVYSWKRPSSLHKRSGTDTSFYRGKKKRGTPKQSNCVTLLDTNQVVRILPPGEVPLKDIYPKDVTPPQTSGYIEVTDLQSKKLRYIPIPRSESLSPYTTWLSTISDTDALLAEWDKSGVVTVDMGGHIRLWETGLERLQRSLMEWRNMIGQDDRNMQITINRDSGEDVSSPKHGKEDPDNMPHVGGNTWAGGTGGRDTAGLGGKGGPYRLDAGHTVYQVSQAEKDAVPEEVKRAAREMGQRAFQQRLKEIQMSEYDAATYERFSGAVRRQVHSLRIILDNLQAKGKERQWLRHQATGELDDAKIIDGLTGEKAIYKRRGELEPQLGSPQQKPKRLRLVVDVSGSMYRFNRMDGRLERTMEAVCMVMEAFENYEEKFQYDIVGHSGDGYNIGLVPMNKIPKDNKQRLEILKTMHAHSQFCMSGDHTLEGTEHAIKEIVKEEADEYFVIVLSDANLSRYGIHPAKFAQILTRDPQVNAFAIFIGSLGDQATRLQRTLPAGRSFVAMDTKDIPQILQQIFTSTMLSSV
A3KMH1-2,>sp|A3KMH1-2|VWA8_HUMAN Isoform 2 of von Willebrand factor A domain-containing protein 8 OS=Homo sapiens OX=9606 GN=VWA8,MQSRLLLLGAPGGHGGPASRRMRLLLRQVVQRRPGGDRQRPEVRLLHAGSGADTGDTVNIGDVSYKLKIPKNPELVPQNYISDSLAQSVVQHLRWIMQKDLLGQDVFLIGPPGPLRRSIAMQYLELTKREVEYIALSRDTTETDLKQRREIRAGTAFYIDQCAVRAATEGRTLILEGLEKAERNVLPVLNNLLENREMQLEDGRFLMSAERYDKLLRDHTKKELDSWKIVRVSENFRVIALGLPVPRYSGNPLDPPLRSRFQARDIYYLPFKDQLKLLYSIGANVSAEKVSQLLSFATTLCSQESSTLGLPDFPLDSLAAAVQILDSFPMMPIKHAIQWLYPYSILLGHEGKMAVEGVLKRFELQDSGSSLLPKEIVKVEKMMENHVSQASVTIRIADKEVTIKVPAGTRLLSQPCASDRFIQTLSHKQLQAEMMQSHMVKDICLIGGKGCGKTVIAKNFADTLGYNIEPIMLYQDMTARDLLQQRYTLPNGDTAWRSSPLVNAALEGKLVLLDGIHRVNAGTLAVLQRLIHDRELSLYDGSRLLREDRYMRLKEELQLSDEQLQKRSIFPIHPSFRIIALAEPPVIGSTAHQWLGPEFLTMFFFHYMKPLVKSEEIQVIKEKVPNVPQEALDKLLSFTHKLRETQDPTAQSLAASLSTRQLLRISRRLSQYPNENLHSAVTKACLSRFLPSLARSALEKNLADATIEINTDDNLEPELKDYKCEVTSGTLRIGAVSAPIYNAHEKMKVPDVLFYDNIQHVIVMEDMLKDFLLGEHLLLVGNQGVGKNKIVDRFLHLLNRPREYIQLHRDTTVQTLTLQPSVKDGLIVYEDSPLVKAVKLGHILVVDEADKAPTNVTCILKTLVENGEMILADGRRIVANSANVNGRENVVVIHPDFRMIVLANRPGFPFLGNDFFGTLGDIFSCHAVDNPKPHSELEMLRQYGPNVPEPILQKLVAAFGELRSLADQGIINYPYSTREVVNIVKHLQKFPTEGLSSVVRNVFDFDSYNNDMREILINTLHKYGIPIGAKPTSVQLAKE
A3KMH1,>sp|A3KMH1|VWA8_HUMAN von Willebrand factor A domain-containing protein 8 OS=Homo sapiens OX=9606 GN=VWA8 PE=1 SV=2,MQSRLLLLGAPGGHGGPASRRMRLLLRQVVQRRPGGDRQRPEVRLLHAGSGADTGDTVNIGDVSYKLKIPKNPELVPQNYISDSLAQSVVQHLRWIMQKDLLGQDVFLIGPPGPLRRSIAMQYLELTKREVEYIALSRDTTETDLKQRREIRAGTAFYIDQCAVRAATEGRTLILEGLEKAERNVLPVLNNLLENREMQLEDGRFLMSAERYDKLLRDHTKKELDSWKIVRVSENFRVIALGLPVPRYSGNPLDPPLRSRFQARDIYYLPFKDQLKLLYSIGANVSAEKVSQLLSFATTLCSQESSTLGLPDFPLDSLAAAVQILDSFPMMPIKHAIQWLYPYSILLGHEGKMAVEGVLKRFELQDSGSSLLPKEIVKVEKMMENHVSQASVTIRIADKEVTIKVPAGTRLLSQPCASDRFIQTLSHKQLQAEMMQSHMVKDICLIGGKGCGKTVIAKNFADTLGYNIEPIMLYQDMTARDLLQQRYTLPNGDTAWRSSPLVNAALEGKLVLLDGIHRVNAGTLAVLQRLIHDRELSLYDGSRLLREDRYMRLKEELQLSDEQLQKRSIFPIHPSFRIIALAEPPVIGSTAHQWLGPEFLTMFFFHYMKPLVKSEEIQVIKEKVPNVPQEALDKLLSFTHKLRETQDPTAQSLAASLSTRQLLRISRRLSQYPNENLHSAVTKACLSRFLPSLARSALEKNLADATIEINTDDNLEPELKDYKCEVTSGTLRIGAVSAPIYNAHEKMKVPDVLFYDNIQHVIVMEDMLKDFLLGEHLLLVGNQGVGKNKIVDRFLHLLNRPREYIQLHRDTTVQTLTLQPSVKDGLIVYEDSPLVKAVKLGHILVVDEADKAPTNVTCILKTLVENGEMILADGRRIVANSANVNGRENVVVIHPDFRMIVLANRPGFPFLGNDFFGTLGDIFSCHAVDNPKPHSELEMLRQYGPNVPEPILQKLVAAFGELRSLADQGIINYPYSTREVVNIVKHLQKFPTEGLSSVVRNVFDFDSYNNDMREILINTLHKYGIPIGAKPTSVQLAKELTLPEQTFMGYWTIGQARSGMQKLLCPVETHHIDIKGPALINIQEYPIERHEERSLNFTEECASWRIPLDEINIICDIATSHENEQNTLYVVTCNPASLYFMNMTGKSGFFVDFFDIFPRTANGVWHPFVTVAPLGSPLKGQVVLHEQQSNVILLLDTTGRALHRLILPSEKFTSKKPFWWNKEEAETYKMCKEFSHKNWLVFYKEKGNSLTVLDVLEGRTHTISLPINLKTVFLVAEDKWLLVESKTNQKYLLTKPAHIESEGSGVCQLYVLKEEPPSTGFGVTQETEFSIPHKISSDQLSSEHLSSAVEQKIASPNRILSDEKNYATIVVGFPDLMSPSEVYSWKRPSSLHKRSGTDTSFYRGKKKRGTPKQSNCVTLLDTNQVVRILPPGEVPLKDIYPKDVTPPQTSGYIEVTDLQSKKLRYIPIPRSESLSPYTTWLSTISDTDALLAEWDKSGVVTVDMGGHIRLWETGLERLQRSLMEWRNMIGQDDRNMQITINRDSGEDVSSPKHGKEDPDNMPHVGGNTWAGGTGGRDTAGLGGKGGPYRLDAGHTVYQVSQAEKDAVPEEVKRAAREMGQRAFQQRLKEIQMSEYDAATYERFSGAVRRQVHSLRIILDNLQAKGKERQWLRHQATGELDDAKIIDGLTGEKAIYKRRGELEPQLGSPQQKPKRLRLVVDVSGSMYRFNRMDGRLERTMEAVCMVMEAFENYEEKFQYDIVGHSGDGYNIGLVPMNKIPKDNKQRLEILKTMHAHSQFCMSGDHTLEGTEHAIKEIVKEEADEYFVIVLSDANLSRYGIHPAKFAQILTRDPQVNAFAIFIGSLGDQATRLQRTLPAGRSFVAMDTKDIPQILQQIFTSTMLSSV
A4D1E9-3,>sp|A4D1E9-3|GTPBA_HUMAN Isoform 3 of GTP-binding protein 10 OS=Homo sapiens OX=9606 GN=GTPBP10,MVHCSCVLFRKYGNFIDKLRLFTRGGSGGMGYPRLGGEGGKGGDVWVVAQNRMTLKQLKDRYPRKRFVAGVGANSKISALKGSKGKDCEIPVPVGISVTDENGKIIDSQMLENPLC
C9J8R7,>tr|C9J8R7|C9J8R7_HUMAN GTP-binding protein 10 (Fragment) OS=Homo sapiens OX=9606 GN=GTPBP10 PE=1 SV=1,MRYGNFIDKLRLFTRGGSGGMGYPRLGGEGGKGGDVWVVAQNRMTLKQLKDRYPRKRFVAGVGANSKISALKGSKGKDCEIPVPVGISVTDENGKIIGELNKENDRILVAQGGLGGKLLTNFLPLKGQKRIIHLDLKLIADVGLVGFPNAGKSSLLSCVSHAKPAIADYAFTTLKPELGKIMYSDFKQISVADLPGLIEGAHMNKGMGHK
C9JEQ8,>tr|C9JEQ8|C9JEQ8_HUMAN GTP-binding protein 10 (Fragment) OS=Homo sapiens OX=9606 GN=GTPBP10 PE=1 SV=8,MVHCSCVLFRKYGNFIDKLRLFTRGGSGGMGYPRLGGEGGKGGDVWVVAQNRMTLKQLKDRYPRKRFVAGVGANSKISALKGSKGKDCEIPVPVGISVTDENGKIIVTTLKPELGKIMYSDFKQISVADLPGLIEGAHMNKGMGHKFLKHIERTRQLLFVVDISGFQLSSHTQYRTAFETIILLTKELELYKEELQTKPALLAVNKMDLPDAQDKFHELMSQLQNPKDFLHLFEKNMIPERT
A4D1E9,>sp|A4D1E9|GTPBA_HUMAN GTP-binding protein 10 OS=Homo sapiens OX=9606 GN=GTPBP10 PE=1 SV=1,MVHCSCVLFRKYGNFIDKLRLFTRGGSGGMGYPRLGGEGGKGGDVWVVAQNRMTLKQLKDRYPRKRFVAGVGANSKISALKGSKGKDCEIPVPVGISVTDENGKIIGELNKENDRILVAQGGLGGKLLTNFLPLKGQKRIIHLDLKLIADVGLVGFPNAGKSSLLSCVSHAKPAIADYAFTTLKPELGKIMYSDFKQISVADLPGLIEGAHMNKGMGHKFLKHIERTRQLLFVVDISGFQLSSHTQYRTAFETIILLTKELELYKEELQTKPALLAVNKMDLPDAQDKFHELMSQLQNPKDFLHLFEKNMIPERTVEFQHIIPISAVTGEGIEELKNCIRKSLDEQANQENDALHKKQLLNLWISDTMSSTEPPSKHAVTTSKMDII
F8WBB5,>tr|F8WBB5|F8WBB5_HUMAN GTP-binding protein 10 OS=Homo sapiens OX=9606 GN=GTPBP10 PE=1 SV=1,MRYGNFIDKLRLFTRGGSGGMGYPRLGGEGGKGGDVWVVAQNRMTLKQLKDRYPRKRFVAGVGANSKISALKGSKGKDCEIPVPVGISVTDENGKIIDSQMLENPLC
F8WBY0,>tr|F8WBY0|F8WBY0_HUMAN GTP-binding protein 10 OS=Homo sapiens OX=9606 GN=GTPBP10 PE=1 SV=1,MRYGNFIDKLRLFTRGGSGGMGYPRLGGEGGKGGDVWVVAQNRMTLKQLKDRYPRKRFVAGVGANSKRTQ
A4D1E9-2,>sp|A4D1E9-2|GTPBA_HUMAN Isoform 2 of GTP-binding protein 10 OS=Homo sapiens OX=9606 GN=GTPBP10,MVHCSCVLFRKYGNFIDKLRLFTRGGSGGMGYPRLGGEGGKGGDVWVVAQNRMTLKQLKDRYPRKRFVAGVGANSKFPNAGKSSLLSCVSHAKPAIADYAFTTLKPELGKIMYSDFKQISVADLPGLIEGAHMNKGMGHKFLKHIERTRQLLFVVDISGFQLSSHTQYRTAFETIILLTKELELYKEELQTKPALLAVNKMDLPDAQDKFHELMSQLQNPKDFLHLFEKNMIPERTVEFQHIIPISAVTGEGIEELKNCIRKSLDEQANQENDALHKKQLLNLWISDTMSSTEPPSKHAVTTSKMDII
C9JNI1,>tr|C9JNI1|C9JNI1_HUMAN GTP-binding protein 10 (Fragment) OS=Homo sapiens OX=9606 GN=GTPBP10 PE=1 SV=1,MRTVSLCHPDWSALASSWLTAASTSWAQYGNFIDKLRLFTRGGSGGMGYPRLGGEGGKGGDVWVVAQNRMTLKQLKDRYPRKRFVAGVGANSKISALKGSKGKDCEIPVPVGISVTDENGKIIGELNKENDRILVAQGGLGGKLLTNFLPLKGQKRIIHLDLKLIADVGLVGFPNAGKSSLLSCVSHAKPAIADYAFTTLKPELGKIMYSDFKQISVADLPGLIEGAHMNKGMGHK
F8WCN4,>tr|F8WCN4|F8WCN4_HUMAN GTP-binding protein 10 OS=Homo sapiens OX=9606 GN=GTPBP10 PE=1 SV=1,MVHCSCVLFRKYGNFIDKLRLFTRGGSGGMGYPRLGGEGGKGGDVWVVAQNRMTLKQLKDRYPRKRFVAGVGANSKRTQ
C9JS54,>tr|C9JS54|C9JS54_HUMAN SUN domain-containing protein 1 (Fragment) OS=Homo sapiens OX=9606 GN=SUN1 PE=1 SV=1,MDFSRLHMYSPPQCVPENTGYTYALSSSYSSDALDFETEHKLDPVFDSPRMSRRSLRLATTACTLGDGEAVGADSGTSSAVSLKNRAARTTKQRRSTNKSAFSINHVSRQVTS
O94901-2,>sp|O94901-2|SUN1_HUMAN Isoform 2 of SUN domain-containing protein 1 OS=Homo sapiens OX=9606 GN=SUN1,MDFSRLHMYSPPQCVPENTGYTYALSSSYSSDALDFETEHKLDPVFDSPRMSRRSLRLATTACTLGDGEAVGADSGTSSAVSLKNRAARTTKQRRSTNKSAFSINHVSRQVTSSGVSHGGTVSLQDAVTRRPPVLDESWIREQTTVDHFWGLDDDGDLKGGNKAAIQGNGDVGAAAATAHNGFSCSNCSMLSERKDVLTAHPAAPGPVSRVYSRDRNQKCKSQSFKTQKKVCFPNLIFPFCKSQCLHYLSWRLKIIP
O94901-8,>sp|O94901-8|SUN1_HUMAN Isoform 8 of SUN domain-containing protein 1 OS=Homo sapiens OX=9606 GN=SUN1,MDFSRLHMYSPPQCVPENTGYTYALSSSYSSDALDFETEHKLDPVFDSPRMSRRSLRLATTACTLGDGEAVGADSGTSSAVSLKNRAARTTKQRRSTNKSAFSINHVSRQVTSSGVSHGGTVSLQDAVTRRPPVLDESWIREQTTVDHFWGLDDDGDLKGGNKAAIQGNGDVGAAAATAHNGFSCSNCSMLSERKDVLTAHPAAPGPVSRVYSRDRNQKCYFLLQILRRIGAVGQAVSRTAWSALWLAVVAPGKAASGVFWWLGIGWYQFVTLISWLNVFLLTRCLRNICKFLVLLIPLFLLLAGLSLRGQGNFFSFLPVLNWASMHRTQRVDDPQDVFKPTTSRLKQPLQGDSEAFPWHWMSGVEQQVASLSGQCHHHGENLRELTTLLQKLQARVDQMEGGAAGPSASVRDAVGQPPRETDFMAFHQEHEVRMSHLEDILGKLREKSEAIQKELEQTKQKTISAVGEQLLPTVEHLQLELDQLKSELSSWRHVKTGCETVDAVQERVDVQVREMVKLLFSEDQQGGSLEQLLQRFSSQFVSKGDLQTMLRDLQLQILRNVTHHVSVTKQLPTSEAVVSAVSEAGASGITEAQARAIVNSALKLYSQDKTGMVDFALESGGGSILSTRCSETYETKTALMSLFGIPLWYFSQSPRVVIQPDIYPGNCWAFKGSQGYLVVRLSMMIHPAAFTLEHIPKTLSPTGNISSAPKDFAVYGLENEYQEEGQLLGQFTYDQDGESLQMFQALKRPDDTAFQIVELRIFSNWGHPEYTCLYRFRVHGEPVK
E9PHI4,>tr|E9PHI4|E9PHI4_HUMAN SUN domain-containing protein 1 OS=Homo sapiens OX=9606 GN=SUN1 PE=1 SV=1,MDFSRLHMYSPPQCVPENTGYTYALSSSYSSDALDFETEHKLDPVFDSPRMSRRSLRLATTACTLGDGEAVGADSGTSSAVSLKNRAARTTKQRRSTNKSAFSINHVSRQVTSSGVSHGGTVSLQDAVTRRPPVLDESWIREQTTVDHFWGLDDDGDLKGGNKAAIQGNGDVGAAAATAHNGFSCSNCSMLSERKDVLTAHPAAPGPVSRVYSRDRNQKCDDCKGKRHLDAHTAAHSQSPRLPGRAGTLWHIWACAGYFLLQILRRIGAVGQAVSRTAWSALWLAVVAPGKAASGVFWWLGIGWYQFVTLISWLNVFLLTRCLRNICKFLVLLIPLFLLLAGLSLRGQGNFFSFLPVLNWASMHRTQRVDDPQDVFKPTTSRLKQPLQGDSEAFPWHWMSGVEQQVASLSGQCHHHGENLRELTTLLQKLQARVDQMEGGAAGPSASVRDAVGQPPRETDFMAFHQEHEVRMSHLEDILGKLREKSEAIQKELEQTKQKTISAVGEQLLPTVEHLQLELDQLKSELSSWRHVKTGCETVDAVQERVDVQVREMVKLLFSEDQQGGSLEQLLQRFSSQFVSKGDLQTMLRDLQLQILRNVTHHVSVTKQLPTSEAVVSAVSEAGASGITEAQARAIVNSALKLYSQDKTGMVDFALESGGGSILSTRCSETYETKTALMSLFGIPLWYFSQSPRVVIQPDIYPGNCWAFKGSQGYLVVRLSMMIHPAAFTLEHIPKTLSPTGNISSAPKDFAVYGLENEYQEEGQLLGQFTYDQDGESLQMFQALKRPDDTAFQIVELRIFSNWGHPEYTCLYRFRVHGEPVK
H7C3X3,>tr|H7C3X3|H7C3X3_HUMAN SUN domain-containing protein 1 (Fragment) OS=Homo sapiens OX=9606 GN=SUN1 PE=1 SV=1,XGNKAAIQGNGDVGAAAATAHNGFSCSNCSMLSERKDVLTAHPAAPGPVSRVYSRDRNQKSHASYYGRMNVREVLREDGHLSVNGEALCDDCKGKRHLDAHTAAHSQSPRLPGRAGTLWHIWACAGYFLLQILRRIGAVGQAVSRTAWSALWLAVVAP
O94901-4,>sp|O94901-4|SUN1_HUMAN Isoform 4 of SUN domain-containing protein 1 OS=Homo sapiens OX=9606 GN=SUN1,MDFSRLHMYSPPQCVPENTGYTYALSSSYSSDALDFETEHKLDPVFDSPRMSRRSLRLATTACTLGDGEAVGADSGTSSAVSLKNRAARTTKQRRSTNKSAFSINHVSV
C9K051,>tr|C9K051|C9K051_HUMAN SUN domain-containing protein 1 (Fragment) OS=Homo sapiens OX=9606 GN=SUN1 PE=1 SV=1,MDFSRLHMYSPPQCVPENTGYTYALSSSYSSDALDFETEHKLDPVFDSPRMSRRSLRLATTACTLGDGEAVGADSGTSSAVSLKNRAARTTKQRRSTNKSAFSINHVSRQVTSSGVSHGGTVSLQDAVTRRPPVL
O94901-3,>sp|O94901-3|SUN1_HUMAN Isoform 3 of SUN domain-containing protein 1 OS=Homo sapiens OX=9606 GN=SUN1,MDFSRLHMYSPPQCVPENTGYTYALSSSYSSDALDFETEHKLDPVFDSPRMSRRSLRLATTACTLGDGEAVGADSGTSSAVSLKNRAARTTKQRRSTNKSAFSINHVSRQVTSSGVSHGGTVSLQDAVTRRPPVLDESWIREQTTVDHFWGLDDDGDLKGGNKAAIQGNGDVGAAAATAHNGFSCSNCSMLSERKDVLTAHPAAPGPVSRVYSRDRNQKCGASFYVNRILWLARYTASSFSSFLVQLFQVVLMKLSYESENYKLKTHESKDCESESYKSKSHESKAHASYYGRMNVREVLREDGHLSVNGEALCKYGFVFLWASVVELVPHAVMLGTSSRE
C9JK55,>tr|C9JK55|C9JK55_HUMAN SUN domain-containing protein 1 (Fragment) OS=Homo sapiens OX=9606 GN=SUN1 PE=1 SV=1,MDFSRLHMYSPPQCVPENTGYTYALSSSYSSDALDFETEHKLDPVFDSPRMSRRSLRLATTACTLGDGEAVGADSGTSSAVSLKNRAARTTKQRRSTNKSAFSINHVSRQVTSSGVSHGGTVSLQDAVTRRPPVLDESWIREQTTVDHFWGLDDDGDLKGGNKAAIQGNGDVGA
C9JR15,>tr|C9JR15|C9JR15_HUMAN SUN domain-containing protein 1 (Fragment) OS=Homo sapiens OX=9606 GN=SUN1 PE=1 SV=1,MDFSRLHMYSPPQCVPENTGYTYALSSSYSSDALDFETEHKLDPVFDSPRMSRRSLRLATTACTLGDGEAVGADSGTSSAVSLKNRAA
O94901,>sp|O94901|SUN1_HUMAN SUN domain-containing protein 1 OS=Homo sapiens OX=9606 GN=SUN1 PE=1 SV=3,MDFSRLHMYSPPQCVPENTGYTYALSSSYSSDALDFETEHKLDPVFDSPRMSRRSLRLATTACTLGDGEAVGADSGTSSAVSLKNRAARTTKQRRSTNKSAFSINHVSRQVTSSGVSHGGTVSLQDAVTRRPPVLDESWIREQTTVDHFWGLDDDGDLKGGNKAAIQGNGDVGAAAATAHNGFSCSNCSMLSERKDVLTAHPAAPGPVSRVYSRDRNQKCDDCKGKRHLDAHPGRAGTLWHIWACAGYFLLQILRRIGAVGQAVSRTAWSALWLAVVAPGKAASGVFWWLGIGWYQFVTLISWLNVFLLTRCLRNICKFLVLLIPLFLLLAGLSLRGQGNFFSFLPVLNWASMHRTQRVDDPQDVFKPTTSRLKQPLQGDSEAFPWHWMSGVEQQVASLSGQCHHHGENLRELTTLLQKLQARVDQMEGGAAGPSASVRDAVGQPPRETDFMAFHQEHEVRMSHLEDILGKLREKSEAIQKELEQTKQKTISAVGEQLLPTVEHLQLELDQLKSELSSWRHVKTGCETVDAVQERVDVQVREMVKLLFSEDQQGGSLEQLLQRFSSQFVSKGDLQTMLRDLQLQILRNVTHHVSVTKQLPTSEAVVSAVSEAGASGITEAQARAIVNSALKLYSQDKTGMVDFALESGGGSILSTRCSETYETKTALMSLFGIPLWYFSQSPRVVIQPDIYPGNCWAFKGSQGYLVVRLSMMIHPAAFTLEHIPKTLSPTGNISSAPKDFAVYGLENEYQEEGQLLGQFTYDQDGESLQMFQALKRPDDTAFQIVELRIFSNWGHPEYTCLYRFRVHGEPVK
E7EP45,,
C9JJU6,>tr|C9JJU6|C9JJU6_HUMAN SUN domain-containing protein 1 (Fragment) OS=Homo sapiens OX=9606 GN=SUN1 PE=1 SV=8,MDFSRLHMYSPPQCVPENTGYTYALSSSYSSDALDFETEHKLDPVFDSPRMSRRSLRLATTACTLGDGEAVGADSGTSSAVSLKNRAARTTKQRRSTNKSAFSINHVSRQVTSSGVSH
O94901-6,>sp|O94901-6|SUN1_HUMAN Isoform 6 of SUN domain-containing protein 1 OS=Homo sapiens OX=9606 GN=SUN1,MDFSRLHMYSPPQCVPENTGYTYALSSSYSSDALDFETEHKLDPVFDSPRMSRRSLRLATTACTLGDGEAVGADSGTSSAVSLKNRAARTTKQRRSTNKSAFSINHVSRQVTSSGVSHGGTVSLQDAVTRRPPVLDESWIREQTTVDHFWGKAASGVFWWLGIGWYQFVTLISWLNVFLLTRCLRNICKFLVLLIPLFLLLGLSLRGQGNFFSFLPVLNWASMHRTQRVDDPQDVFKPTTSRLKQPLQGDSEAFPWHWMSGVEQQVASLSGQCHHHGENLRELTTLLQKLQARVDQMEGGAAGPSASVRDAVGQPPRETDFMAFHQEHEVRMSHLEDILGKLREKSEAIQKELEQTKQKTISAVGEQLLPTVEHLQLELDQLKSELSSWRHVKTGCETVDAVQERVDVQVREMVKLLFSEDQQGGSLEQLLQRFSSQFVSKGDLQTMLRDLQLQILRNVTHHVSVTKQLPTSEAVVSAVSEAGASGITEAQARAIVNSALKLYSQDKTGMVDFALESGGGSILSTRCSETYETKTALMSLFGIPLWYFSQSPRVVIQPDIYPGNCWAFKGSQGYLVVRLSMMIHPAAFTLEHIPKTLSPTGNISSAPKDFAVYGLENEYQEEGQLLGQFTYDQDGESLQMFQALKRPDDTAFQIVELRIFSNWGHPEYTCLYRFRVHGEPVK
H7C019,>tr|H7C019|H7C019_HUMAN SUN domain-containing protein 1 (Fragment) OS=Homo sapiens OX=9606 GN=SUN1 PE=1 SV=1,SSSYSSDALDFETEHKLDPVFDSPRMSRRSLRLATTACTLGDGEAVGADSGTSSAVSLKNRAARTTKQRRSTNKSAFSINHVSRQVTSSGVSHGGTVSLQDAVTRRPPVLDESWIREQTTVDHFWGKAASGVFWWLGIGWYQFVTLISWLNVFLLTRCLRNICKFLVLLIP
O94901-9,>sp|O94901-9|SUN1_HUMAN Isoform 9 of SUN domain-containing protein 1 OS=Homo sapiens OX=9606 GN=SUN1,MDFSRLHMYSPPQCVPENTGYTYALSSSYSSDALDFETEHKLDPVFDSPRMSRRSLRLATTACTLGDGEAVGADSGTSSAVSLKNRAARTTKQRRSTNKSAFSINHVSRQVTSSGVSHGGTVSLQDAVTRRPPVLDESWIREQTTVDHFWGLDDDGDLKGGNKAAIQGNGDVGAAAATAHNGFSCSNCSMLSERKDVLTAHPAAPGPVSRVYSRDRNQKCGASFYVNRILWLARYTASSFSSFLVQLFQVVLMKLSYESENYKLKTHESKDCESESYKSKSHESKAHASYYGRMNVREVLREDGHLSVNGEALCDDCKGKRHLDAHTAAHSQSPRLPGRAGTLWHIWACAGYFLLQILRRIGAVGQAVSRTAWSALWLAVVAPGKAASGVFWWLGIGWYQFVTLISWLNVFLLTRCLRNICKFLVLLIPLFLLLAGLSLRGQGNFFSFLPVLNWASMHRTQRVDDPQDVFKPTTSRLKQPLQGDSEAFPWHWMSGVEQQVASLSGQCHHHGENLRELTTLLQKLQARVDQMEGGAAGPSASVRDAVGQPPRETDFMAFHQEHEVRMSHLEDILGKLREKSEAIQKELEQTKQKTISAVGEQLLPTVEHLQLELDQLKSELSSWRHVKTGCETVDAVQERVDVQVREMVKLLFSEDQQGGSLEQLLQRFSSQFVSKGDLQTMLRDLQLQILRNVTHHVSVTKQLPTSEAVVSAVSEAGASGITEAQARAIVNSALKLYSQDKTGMVDFALESGGGSILSTRCSETYETKTALMSLFGIPLWYFSQSPRVVIQPDIYPGNCWAFKGSQGYLVVRLSMMIHPAAFTLEHIPKTLSPTGNISSAPKDFAVYGLENEYQEEGQLLGQFTYDQDGESLQMFQALKRPDDTAFQIVELRIFSNWGHPEYTCLYRFRVHGEPVK
H7C2K3,>tr|H7C2K3|H7C2K3_HUMAN SUN domain-containing protein 1 (Fragment) OS=Homo sapiens OX=9606 GN=SUN1 PE=1 SV=1,XKAASGVFWWLGIGWYQFVTLISWLNVFLLTRCLRNICKFLVLLIPLFLLLGLSLRGQGNFFSFLPVLNWASMHRTQRVDDPQDVFKPTTSRLKQPLQGDSEAFPWHWMSGVEQQVASLSGQCHHHGENLRELTTLLQKLQARVDQMEGGAAGPSASVRDAVGQPPREAIQKELEQTKQKTISAVGEQLLPTVEHLQLELDQLKSELSSWRHVKTGCETVDAVQERVDVQVREMVKLLFSEDQQGGSLEQLLQRFSSQFVSKGDLQTMLRDLQLQILRNVTHHVSVTKQLPTSEAVVSAVSEAGASGITEAQARAIVNSALKLYSQDKTGMVDFALESGGGSILSTRCSETYETKTALMSLFGIPLWYFSQSPRVVIQVHVPEQAHGGPGAHVLGSPALLQPWPAKQCSRLVHAGPGVPGEGGSGGG
H0Y6N5,>tr|H0Y6N5|H0Y6N5_HUMAN SUN domain-containing protein 1 (Fragment) OS=Homo sapiens OX=9606 GN=SUN1 PE=1 SV=1,XSKAHASYYGRMNVREVLREDGHLSVNGEALCDDCKGKRHLDAHTAAHSQSPRLPGRAGTLWHIWACAGYFLLQILRRIGAVGQAVSRTAWSALWLAVVAPGKAASGVFWWLGIGWYQFVTLISWLNVFLLTRCLRNICKFLVLLIPLFLLLAGLSLRGQGNFFSFLPVLNWASMHRTQRVDDPQDVFKPTTSRLKQPLQGDSEAFPWHWMSGVEQQVASLSGQCHHHGENLRELTTLLQKLQARVDQMEGGAAGPSASVRDAVGQPPRETDFMAFHQEHEVRMSHLEDILGKLREKSEAIQKELEQTKQKTISAVGEQLLPTVEHLQLELDQLKSELSSWRHVKTGCETVDAVQERVDVQVREMVKLLFSEDQQGGSLEQLLQRFSSQFVSKGDLQTMLRDLQLQILRNVTHHVSVTKQLPTSEAVVSAVSEAGASGITEAQARAIVNSALKLYSQDKTGMVDFALESGGGSILSTRCSETYETKTALMSLFGIPLWYFSQSPRVVIQPDIYPGNCWAFKGSQGYLVVRLSMMIHPAAFTLEHIPKTLSPTGNISSAPKDFAVYGLENEYQEEGQLLGQFTYDQDGESLQMFQALKRPDDTAFQIVELRIFSNWGHPEYTCLYRFRVHGEPVK
H0Y742,>tr|H0Y742|H0Y742_HUMAN SUN domain-containing protein 1 (Fragment) OS=Homo sapiens OX=9606 GN=SUN1 PE=1 SV=1,GDVGAAAATAHNGFSCSNCSMLSERKDVLTAHPAAPGPVSRVYSRDRNQKCGASFYVNRILWLARYTASSFSSFLVQLFQVVLMKLSYESENYKLKTHESKDCESESYKSKSHESKAHASYYGRMNVREVLREDGHLSVNGEALCYFLLQILRRIGAVGQAVSRTAWSALWLAVVAPGKAASGVFWWLGIGWYQFVTLISWLNVFLLTRCLRNICKFLVLLIPLFLLLAGLSLRGQGNFFSFLPVLNWASMHRTQRVDDPQDVFKPTTSRLKQPLQGDSEAFPWHWMSGVEQQVASLSGQCHHHGENLRELTTLLQKLQARVDQMEGGAAGPSASVRDAVGQPPRETDFMAFHQEHEVRMSHLEDILGKLREKSEAIQKELEQTKQKTISAVGEQLLPTVEHLQLELDQLKSELSSWRHVKTGCETVDAVQERVDVQVREMVKLLFSEDQQGGSLEQLLQRFSSQFVSKGDLQTMLRDLQLQILRNVTHHVSVTKQLPTSEAVVSAVSEAGASGITEAQARAIVNSALKLYSQDKTGMVDFALESGGGSILSTRCSETYETKTALMSLFGIPLWYFSQSPRVVIQPDIYPGNCWAFKGSQGYLVVRLSMMIHPAAFTLEHIPKTLSPTGNISSAPKDFAVYGLENEYQEEGQLLGQFTYDQDGESLQMFQALKRPDDTAFQIVELRIFSNWGHPEYTCLYRFRVHGEPVK
A4D2Q0,>tr|A4D2Q0|A4D2Q0_HUMAN Unc-84 homolog A (C. elegans) OS=Homo sapiens OX=9606 GN=UNC84A PE=4 SV=1,MGDVRKAKEALAEVQIPPPDAGPSPRCKPPPAERLLGPGRRRRGLRRRREAVWFEVVNMDFSRLHMYSPPQCVPENTGYTYALSSSYSSDALDFETEHKLDPVFDSPRMSRRSLRLATTACTLGDGEAVGADSGTSSAVSLKNRAARTTKQRRSTNKSAFSINHVSRQVTSSGVSHGGTVSLQDAVTRRPPVLDESWIREQTTVDHFWGLDDDGDLKGGNKAAIQGNGDVGAAAATAHNGFSCSNCSMLSERKDVLTAHPAAPGPVSRVYSRDRNQKCGASFYVNRILWLARYTASSFSSFLVQLFQVVLMKLSYESENYKLKTHESKDCESESYKSKSHESKAHASYYGRMNVREVLREDGHLSVNGEALCDDCKGKRHLDAHTAAHSQSPRLPGRAGTLWHIWACAGYFLLQILRRIGAVGQAVSRTAWSALWLAVVAPGKAASGVFWWLGIGWYQFVTLISWLNVFLLTRCLRNICKFLVLLIPLFLLLAGLSLRGQGNFFSFLPVLNWASMHRTQRVDDPQDVFKPTTSRLKQPLQGDSEAFPWHWMSGVEQQVASLSGQCHHHGENLRELTTLLQKLQARVDQMEGGAAGPSASVRDAVGQPPRETDFMAFHQEHEVRMSHLEDILGKLREKSEAIQKELEQTKQKTISAVGEQLLPTVEHLQLELDQLKSELSSWRHVKTGCETVDAVQERVDVQVREMVKLLFSEDQQGGSLEQLLQRFSSQFVSKGDLQTMLRDLQLQILRNVTHHVSVTKQLPTSEAVVSAVSEAGASGITEAQARAIVNSALKLYSQDKTGMVDFALESGGGSILSTRCSETYETKTALMSLFGIPLWYFSQSPRVVIQPDIYPGNCWAFKGSQGYLVVRLSMMIHPAAFTLEHIPKTLSPTGNISSAPKDFAVYGLENEYQEEGQLLGQFTYDQDGESLQMFQALKRPDDTAFQIVELRIFSNWGHPEYTCLYRFRVHGEPVK
O94901-7,>sp|O94901-7|SUN1_HUMAN Isoform 7 of SUN domain-containing protein 1 OS=Homo sapiens OX=9606 GN=SUN1,MGRISPGSPGLPRTVWFEVVNMDFSRLHMYSPPQCVPENTGYTYALSSSYSSDALDFETEHKLDPVFDSPRMSRRSLRLATTACTLGDGEAVGADSGTSSAVSLKNRAARTTKQRRSTNKSAFSINHVSRQVTSSGVSHGGTVSLQDAVTRRPPVLDESWIREQTTVDHFWGLDDDGDLKGGNKAAIQGNGDVGAAAATAHNGFSCSNCSMLSERKDVLTAHPAAPGPVSRVYSRDRNQKCKSQSFKTQKKVCFPNLIFPFCKSQCLHYLSWRLKIIP
O94901-5,>sp|O94901-5|SUN1_HUMAN Isoform 5 of SUN domain-containing protein 1 OS=Homo sapiens OX=9606 GN=SUN1,MSRRSLRLATTACTLGDGEAVGADSGTSSAVSLKNRAARTTKQRRSTNKSAFSINHVSRQVTSSGVSHGGTVSLQDAVTRRPPVLDESWIREQTTVDHFWGLDDDGDLKGGNKAAIQGNGDVGAAAATAHNGFSCSNCSMLSERKDVLTAHPAAPGPVSRVYSRDRNQKWKAASGVFWWLGIGWYQFVTLISWLNVFLLTRCLRNICKFLVLLIPLFLLLAGLSLRGQGNFFSFLPVLNWASMHRTQRVDDPQDVFKPTTSRLKQPLQGDSEAFPWHWMSGVEQQVASLSGQCHHHGENLRELTTLLQKLQARVDQMEGGAAGPSASVRDAVGQPPRETDFMAFHQEHEVRMSHLEDILGKLREKSEAIQKELEQTKQKTISAVGEQLLPTVEHLQLELDQLKSELSSWRHVKTGCETVDAVQERVDVQVREMVKLLFSEDQQGGSLEQLLQRFSSQFVSKGDLQTMLRDLQLQILRNVTHHVSVTKQLPTSEAVVSAVSEAGASGITEAQARAIVNSALKLYSQDKTGMVDFALESGGGSILSTRCSETYETKTALMSLFGIPLWYFSQSPRVVIQPDIYPGNCWAFKGSQGYLVVRLSMMIHPAAFTLEHIPKTLSPTGNISSAPKDFAVYGLENEYQEEGQLLGQFTYDQDGESLQMFQALKRPDDTAFQIVELRIFSNWGHPEYTCLYRFRVHGEPVK
Q9Y6G3,">sp|Q9Y6G3|RM42_HUMAN 39S ribosomal protein L42, mitochondrial OS=Homo sapiens OX=9606 GN=MRPL42 PE=1 SV=1",MAVAAVKWVMSKRTILKHLFPVQNGALYCVCHKSTYSPLPDDYNCNVELALTSDGRTIVCYHPSVDIPYEHTKPIPRPDPVHNNEETHDQVLKTRLEEKVEHLEEGPMIEQLSKMFFTTKHRWYPHGRYHRCRKNLNPPKDR
J3KPP0,">tr|J3KPP0|J3KPP0_HUMAN 39S ribosomal protein L42, mitochondrial OS=Homo sapiens OX=9606 GN=MRPL42 PE=1 SV=1",MAVAAVKWVMSKRTILKHLFPVQNGALYCVCHKSTYSPLPDDYNCNVELALTSDGRTIVCYHPSVDIPYEHTKPIPRPDPVHNNEETHDQVLKTRLEEKVEHLEEGPMIEQLSKMFFTTKHRWYPHGRCRKNLNPPKDR
A6NCI0,,
S4R2Z7,">tr|S4R2Z7|S4R2Z7_HUMAN 39S ribosomal protein L42, mitochondrial OS=Homo sapiens OX=9606 GN=MRPL42 PE=1 SV=1",MAVAAVKWVMSKRTILKHLFPVQNGALYCVCHKSTYSPLPDDYNCNVELALTSDGRTIVCYHPSVDIPYEHTKPIPRPDPVHNNEETHDQVLKTRLEEKVEHLEEGPMIEQLSKMFFTTKHRWYPHGRGKVSLTVLRRLILNSWTQVILLPQLGL
S4R360,">tr|S4R360|S4R360_HUMAN 39S ribosomal protein L42, mitochondrial OS=Homo sapiens OX=9606 GN=MRPL42 PE=1 SV=1",MAVAAVKWVMSKRTILKHLFPVQNGALYCVCHKSTYSPLPDDYNCNVELALTSDGRTIVCYHPSVDIPYEHTKPIPRPDPVHNNEETHDQVLKTRLEEKVEHLEEGPMIEQLSKMFFTTKHRWYPHGR
P08865,>sp|P08865|RSSA_HUMAN 40S ribosomal protein SA OS=Homo sapiens OX=9606 GN=RPSA PE=1 SV=4,MSGALDVLQMKEEDVLKFLAAGTHLGGTNLDFQMEQYIYKRKSDGIYIINLKRTWEKLLLAARAIVAIENPADVSVISSRNTGQRAVLKFAAATGATPIAGRFTPGTFTNQIQAAFREPRLLVVTDPRADHQPLTEASYVNLPTIALCNTDSPLRYVDIAIPCNNKGAHSVGLMWWMLAREVLRMRGTISREHPWEVMPDLYFYRDPEEIEKEEQAAAEKAVTKEEFQGEWTAPAPEFTATQPEVADWSEGVQVPSVPIQQFPTEDWSAQPATEDWSAAPTAQATEWVGATTDWS
C9J9K3,>tr|C9J9K3|C9J9K3_HUMAN 40S ribosomal protein SA (Fragment) OS=Homo sapiens OX=9606 GN=RPSA PE=1 SV=8,MSGALDVLQMKEEDVLKFLAAGTHLGGTNLDFQMEQYIYKRKSDGIYIINLKRTWEKLLLAARAIVAIENPADVSVISSRNTGQRAVLKFAAATGATPIAGRFTPGTFTNQIQAAFREPRLLVVTDPRADHQPLTEASYVNLPTIALCNTDSPLRYVDIAIPCNNKGAHSVGLMWWMLAREVLRMRGTISREHPWEVMPDLYFYRDPEEIEKEEQAAAEKAVTKEEFQGEWTAPAPEFTATQPEVADWSEGVQVPSVPIQQFP
A6NE09,,
Q9Y3P4,>sp|Q9Y3P4|RHBD3_HUMAN Rhomboid domain-containing protein 3 OS=Homo sapiens OX=9606 GN=RHBDD3 PE=2 SV=1,MHARGPHGQLSPALPLASSVLMLLMSTLWLVGAGPGLVLAPELLLDPWQVHRLLTHALGHTALPGLLLSLLLLPTVGWQQECHLGTLRFLHASALLALASGLLAVLLAGLGLSSAAGSCGYMPVHLAMLAGEGHRPRRPRGALPPWLSPWLLLALTPLLSSEPPFLQLLCGLLAGLAYAAGAFRWLEPSERRLQVLQEGVLCRTLAGCWPLRLLATPGSLAELPVTHPAGVRPPIPGPPYVASPDLWSHWEDSALPPPSLRPVQPTWEGSSEAGLDWAGASFSPGTPMWAALDEQMLQEGIQASLLDGPAQEPQSAPWLSKSSVSSLRLQQLERMGFPTEQAVVALAATGRVEGAVSLLVGGQVGTETLVTHGKGGPAHSEGPGPP
J3KTD3,>tr|J3KTD3|J3KTD3_HUMAN 60S ribosomal protein L36 (Fragment) OS=Homo sapiens OX=9606 GN=RPL36 PE=1 SV=1,MALRYPMAVGLNKGHKVTKNVSKPRHSRRRGREHLESGAGQRVWGSDAGVGVRSWSWPEVAVCEVEGF
J3QSB5,>tr|J3QSB5|J3QSB5_HUMAN 60S ribosomal protein L36 OS=Homo sapiens OX=9606 GN=RPL36 PE=1 SV=1,MALRYPMAVGLNKGHKVTKNVSKPRHSRRRGRLTKHTKFVRDMIREVCGFAPYERRAMELLKVSKDKRALKFIKKRVGGRCRPRGGVGWESGPG
Q9Y3U8,>sp|Q9Y3U8|RL36_HUMAN 60S ribosomal protein L36 OS=Homo sapiens OX=9606 GN=RPL36 PE=1 SV=3,MALRYPMAVGLNKGHKVTKNVSKPRHSRRRGRLTKHTKFVRDMIREVCGFAPYERRAMELLKVSKDKRALKFIKKRVGTHIRAKRKREELSNVLAAMRKAAAKKD
