Gene names,Protein IDs
ESYT2,A0FGR8-2;H7BXI1;A0FGR8;A0FGR8-6;A0FGR8-4;F2Z3K9;A0FGR8-5
ILVBL,A1L0T0;M0R026;E9PJS0;E9PL44;M0R1B5;M0QZX5
ACO2,Q99798;A2A274
ADD1,P35611;P35611-2;E7EV99;A2A3N8;E7ENY0;P35611-3;Q86XM2;H0Y9H2;D6RF25;D6RJE2;D6RAH3;H0YFD8;H0YG19
HLA-C;HLA-B,P10321;A2AEA2;Q31612;Q95604;P30499;F8W9Z8
NBAS,A2RRP1;A2RRP1-2;H0Y5G7;C9JCM7;H7C007;H7BZU5;H7C1U4;H7BZR3
VWA8,A3KMH1;A3KMH1-3;A3KMH1-2
GTPBP10,A4D1E9;A4D1E9-2;F8WBY0;F8WCN4;F8WBB5;A4D1E9-3;C9J8R7;C9JNI1;C9JEQ8
SUN1;UNC84A,O94901-9;A4D2Q0;O94901;O94901-5;O94901-8;E9PHI4;O94901-6;H0Y6N5;H0Y742;E7EP45;H7C2K3;O94901-3;O94901-2;O94901-7;H7C3X3;C9JK55;C9K051;H7C019;C9JR15;O94901-4;C9JS54;C9JJU6
MRPL42,S4R360;J3KPP0;Q9Y6G3;A6NCI0;S4R2Z7
RPSA;RPSAP58,P08865;C9J9K3;A6NE09
PIGK,Q92643;A6NEM5;B1AK81;B4E2M3;S4R3M5
ABI1,Q8IZP0;Q8IZP0-3;Q8IZP0-2;Q8IZP0-10;Q8IZP0-8;F5H1G9;Q8IZP0-7;F8WA55;Q8IZP0-4;Q8IZP0-5;Q8IZP0-6;Q8IZP0-9;F8WA56;Q8IZP0-12;A6NFN2;Q8IZP0-11
ATP1B1,P05026;B7Z9S8;A6NGH2;P05026-2
HN1L,Q9H910;H3BMT0;H3BTV5;H3BU16;Q9H910-2;A6NGP5;H3BMV3;B4DLH4
YIF1A,O95070;A6NGW1;E9PS11;E9PIZ0;C9JST7
PTGES2,Q9H7Z7;A6NHH0
FBLL1,A6NHQ2;R4GMW7
METTL15,A6NJ78;B5MC64;A6NJ78-3;F8WD83;A6NJ78-2;A6NJ78-4
MRPL23,Q16540;A6NJD9;A8MVT4;A8MYK1;H7C2P7
NOC3L,Q8WTT2;A6NJZ9;F5H677
CNIH4,A6NLH6;Q9P003
CD81,P60033;E9PM31;H0YEE2;E9PJK1;E9PRJ8;H0YDL9;H0YDJ9;E9PIF1;A6NMH8
PIP5K1A;PIPSL,Q99755;Q99755-4;Q99755-3;A6PW57;Q99755-2;A2A3N6;B4DY52;A6PW58;A2A5X0;O60331;O14986;B4DIG7;O14986-2;O60331-4;O60331-2;O60331-3
SELK,Q9Y6D0;A8K0M9;F8WAX7
MLLT4,P55196;P55196-3;C9JX92;A8MQ02;J3KN01;P55196-5;P55196-6;Q5TIG5;P55196-1;P55196-2;H0Y7R8;H0Y8L4;H0Y8U8;H0Y9I0;H0Y948
CDH2,P19022;A8MWK3
MATR3,P43243;A8MXP9;D6REM6;D6R991;B3KM87;P43243-2;H0Y8T4;D6RB45;D6R9F3;D6RAM9;D6RAY2;D6RBS2;D6RCM3;D6REK4;D6R8Z5;D6RBI2;D6RBK5;D6RE02;D6RIA2
NUDT19,A8MXV4
BCKDK,O14874;Q96G95;A8MY43;H3BTL2;H3BS02;H3BNP3;H3BQP2;H3BUV3
RAB34,Q9BZG1;A8MYQ9;J3KQW8;Q9BZG1-4;Q9BZG1-2;C9JBG0;C9JY26;E7ES60;K7EIF2;J3QLC6;H7C0Y7;K7EJW7
SRRM1,Q8IYB3;A9Z1X7;Q8IYB3-2;E9PCT1;M0R088;B4DED5
EIF3L,Q9Y262;B0QY89;Q9Y262-2;B0QY90;C9JHP4;C9K0Q7;H7C3A0
EWSR1,Q01844;Q01844-6;B0QYK0;Q01844-3;Q01844-5;Q01844-2;C9JGE3;H7BY36;Q01844-4;F8WC90
APOC3,P02656;B0YIW2
HMGCL,P35914;B1AK13;P35914-3;P35914-2;H0Y2L7;Q8TB92-2;Q8TB92;G5E9S9;B7Z4D4;B7Z212;Q8TB92-5
OSBPL9,Q96SU4;Q96SU4-5;Q96SU4-4;Q96SU4-3;E9PJW9;Q96SU4-7;Q96SU4-2;B1AKJ6;Q96SU4-6;J3KPA3
TMEM9;TMEM9B,Q9P0T7;B1ALM5;Q9NQ34;Q7Z649
LPHN2,O95490;O95490-2;H0Y5C0;B1ALU1;O95490-5;B1ALU3;O95490-7;O95490-6;O95490-3;O95490-4;H0Y3V3
SOAT1,P35610;B1APM4;P35610-3;P35610-2
EIF3H;EIF3S3,O15372;E5RGU4;B3KS98;E5RHC7;E5RH59;E5RFW7;E5RFH0;E5RJT0
SNRPB;SNRPN,P14678;P63162;P14678-2;B3KVR1;J3QLE5;P14678-3;J3KRY3;S4R3P3
PES1,O00541;H7C267;B3KXD6;B5MCF9;O00541-2
AP1G1,O43747;O43747-2;J3KQU9;B3KXW5;H3BN75;H3BS13;H3BV30;H3BRM7;H3BN71;B4DGE1;H3BR36;H3BUN9;H3BNR4
CLN6,Q9NWW5;H3BNF1;H3BUV4;H3BUT1;B4DDH6
LARS,Q9P2J5;F5H698;B4DER1;B4DJ10
PUM1;PUM2,Q14671;Q8TB72;Q14671-2;H0YDK8;E9PR38;Q8TB72-2;B4E2B6;E7EWT3;Q8TB72-3;H0YEH2;B4DG92;Q14671-3;Q5T1Z4;Q5T1Z8;H0YC97
CANX,P27824;B4DGP8;B4E2T8;H0Y9Q7;D6RAU8;D6RB85;D6RDP7;D6RGY2;D6RFL1;H0Y9H1;D6RAQ8;D6RHJ3;D6RD16
CTNNB1,P35222;B4DGU4;E7EMJ5;C9IZ65;E9PDF9;E7EV28
TAMM41,Q96BW9;C9J2U4;B4DIY7;H7C1A2;G3V0F3;B4E101
EXOC7,Q9UPT5;Q9UPT5-2;B4DJ07;Q9UPT5-5;Q9UPT5-1;Q9UPT5-6;Q9UPT5-4;C9JME6;K7ERQ5;B5MCY9;C9JKC2
RAB5A,P20339;B4DJA5;F8VWU4;F8VVZ0;F8VUA5;F8WCY6;F8WD79;F8VPW9;F8VSF8;F8VWZ7
FDFT1,P37268;B4DJE5;E9PNM1;E9PJG4;B7Z1J3;B3KQ95;B4DT56;E9PQ90;E9PNJ2;E9PSH1;E9PS69
ISCA1,Q9BUE6;B4DJI5;Q5TBE2;Q5TBE9
SNRPD3,P62318;B4DJP7;H3BT13
CS,O75390;B4DJV2;F8W4S1;H0YH82;H0YIC4;F8VPF9;F8VPA1;F8VTT8;F8W1S4;F8VZK9;F8VX07;F8VRP1;F8VX68;F8W642;F8VWQ5;F8VRI6;F8VU34;F8VR34;F8W0J2
GCDH,Q92947;B4DK85;Q92947-2;K7ESA6;K7EQ99
LSR,Q86X29;B4DKL4;S4R3V8;Q86X29-5;Q86X29-4;Q86X29-2;M0QZL9;M0R1W9
SLC25A10,B4DLN1;B4E1E9;I3L1E8
PGS1,Q32NB8;B4DLU3;Q32NB8-2;K7EPX0;Q32NB8-3;K7ELT9;K7EL44
DDX5,P17844;B4DLW8;J3KTA4;J3QSF1;J3KRZ1;J3QRQ7;J3QR02;J3KRX8
KDSR,Q06136;B4DMX0;K7EQS7;K7ERC8
MRPL48,Q96GC5;B4DN34;F5H702;F5H8D0
STRAP,Q9Y3F4;B4DNJ6;B0AZV0;H0YH33
CNBP,P62633;P62633-2;B4DP17;P62633-3;P62633-5;P62633-6;D6RAT4
BCKDHA,P12694;B4DP47;F5H5P2;H0YH31;F5GXU9
SEC61A1,P61619;B4DR61;P61619-3;H7C1Q9;C9JXC6;H7C069;A6NK38;F2Z2C7;A6NIF9;C9JJV4
ALG5,Q9Y673;B4DR67;Q9Y673-2
PLOD1,Q02809;B4DR87;Q5JXB9;Q5JXB7;Q5JXB8
MRPS27,Q92552;G5EA06;B4DRT2;D6RH20;D6RJC7;E5RJ73;REV__H0Y546
EIF4B,P23588;B4DS13;E7EX17;F8VX11
SRPK1,Q96SB4;Q5R363;B4DS61;H3BLV9;Q96SB4-3;P78362;Q9UPE1;H0Y932;H7C2I2;D6RBM8;H7C521;H7C5L6;Q9UPE1-2;A8MPP7;Q9UPE1-3;A8MPY5;Q9UPE1-4;E7ETV6;P78362-2
MPDU1,O75352;J3KSI4;I3L1D2;I3L4E0;J3QS48;I3L295;J3KT75;B4DT74;J3QW43;J3QRD5
LSM14A,Q8ND56;B4DTG6;Q8ND56-2;K7EMZ9
HACL1,Q9UJ83;B4DXI5;E9PEN4;B4DWI1;B3KPX4;C9J306;Q7Z773;F8WCH9;C9JJM7
QARS,P47897;B4DWJ2;H7C0R3;C9J165;B7Z840;C9JSG9;F2Z2V6
ARL1,P40616;B4DZG7;B4DWW1;F8VYN9
SEC13,P55735;P55735-2;B4DXJ1;A8MXL6;E7ERC8
FOXRED1,Q96CU9;B4DXM1;Q96CU9-3;Q96CU9-2
PCBP2;PCBP3,Q15366;Q15366-4;Q15366-5;H3BRU6;G3V0E8;F8VZX2;B4DXP5;Q15366-6;Q15366-3;Q15366-2;B4DLC0;P57721;F8W0G4;F8VXH9;J3QT27;P57721-2;P57721-3;P57721-5;E9PFP8;P57721-4;F8W1G6;H3BSS4;F8VRH0;F8VTZ0;P57723;H3BSP4;C9K0A2;F8WC71;C9IZV9;C9J7A9;C9JSA6;C9J5V4;H3BND9;C9JTY5;C9JZY3;C9J0A4;P57723-2
HNRNPC,B4DY08;G3V4W0;G3V576;G3V555;G3V575;G3V5X6;G3V3K6;G3V251;B4DSU6;O60812;G3V4M8;G3V2H6;G3V129;E5RG71;B3KT61;Q86SE5
NUP35,Q8NFH5;B4DYB4;C9IYQ7;F8WCF5;F8WEL4;B4DP57;C9JIY9;C9JWU7
COPB2,P35606;B4DZI8;H0YAC7;D6RBZ7;D6RCL6;D6RBG7;D6RBT6;D6R997
STAM,Q92783;Q92783-2;B4DZT2;A6NMU3
RALB,P11234;Q6ZS74;B4E040;C9J6B1;C9JQB3;F8WEQ6;C9JYR1
TRAM1,Q15629;G3XAN4;B4E0K2
RAF1;ARAF,P04049;B4E1N6;H7C155;B4E0X2;P04049-2;P10398;P15056;H7C4S5;H7C560
MST4,Q9P289;Q8NBY1;B4E0Y9;Q9P289-3;Q9P289-2;O00506;C9JJV0;C9JDH9;C9J6L2;C9JCC0;C9J232;H7C279;B7Z9K1;A8K6Z3
SRSF3;SFRS3,P84103;B4E241
SSR3,Q9UNL2;C9JA28;B4E2P2;C9J365
STOM,P27105;B4E2V5;P27105-2
PDIA6,Q15084;B7Z254;F8WA83;B5MCQ5;Q15084-2
2-Sep,Q15019;B5MCX3;Q15019-2;C9J2Q4;H7C2Y0;C9IY94;C9J938;C9JB25;C9IZU3;C9JQJ4;H7C310;B5MD47;C9JZI2;H7C1T1;C9JFT1;F8WB65
RFT1,Q96AA3;B5MDE0;C9JP01
RAN,P62826;B5MDF5;J3KQE5;F5H018;H0YFC6;B4DV51
EIF3C;EIF3CL,Q99613;B5ME19;H3BRV0;H3BPE3;H3BPE4
ATP6AP2,O75787;H0Y750;H7C3E1;B7Z1I9;B7Z413;B7Z9I3
ATP6V1A,P38606;B7Z1R5;C9JA17;C9JVW8
WRB,O00258;H7BYE5;O00258-2;B7Z1T1;C9JLV3;H7C384
MFSD8,Q8NHS3;B7Z2B2;E7ERQ4
HNRNPUL1,Q9BUJ2;Q9BUJ2-4;B7Z4B8;Q9BUJ2-2;Q9BUJ2-3;M0R3F1;M0QYZ0;M0R203;M0QZV6;M0R0K8;M0QYI8;Q9BUJ2-5;M0QYM5
INPP5K,Q9BT40;B7Z4V9;Q9BT40-2;C9JZB0;F5GXZ0;I3L4A5
RRAS2,P62070;B7Z5Z2;P62070-3;P62070-2;E9PK85;E9PQ87;E9PQK5;E9PQC5
ATL2,Q8NHH9;Q8NHH9-3;B7Z7X8;B5MCN0;Q8NHH9-4;Q8NHH9-2;C9JQQ5;H7C3A2
DHCR24,Q15392;B7Z817;F5H0H1;H7C4B7
DYNC1I2,Q13409;Q13409-3;Q13409-6;B7ZA04;Q13409-2;Q13409-5;F8W8S0;E7EQL5;E9PGG1;E7EUM4;E7ERR6;E7ERH4;E7ET01;E7ETL8;E7EQU2;E7ESD3;E7EMU4;E7EV09;E7EU01
SEC24B,O95487;O95487-2;B7ZKM8
SUMO1,P63165;B8ZZN6;B8ZZJ0;B9A032;B8ZZ67;P63165-2
PTMA,P06454;P06454-2;B8ZZQ6;B8ZZA1;B8ZZW7;H7C2N1
AGFG1,P52594;C9J2I0;P52594-2;B8ZZY2;P52594-3;P52594-4
ORMDL1;ORMDL2,Q9P0S3;Q53FV1;B9A069
DIAPH1,O60610;O60610-2;B9ZVX0;E9PHQ0;O60610-3;E7ET75;E9PEZ3;H9KV28;E7EMV0;E7ERW8;B4E2I7
SSR1,P43307;C9J3L8;C9J5W0;E9PAL7;C9IZQ1;P43307-2;F5H5Y2
EEF1E1;hCG_2043275,O43324;O43324-2;D6RBD7;C9J1V9;H0YAL7;D6RCQ0
ARF5,P84085;C9J1Z8
APOO,Q9BUR5;G3V1B6;H7C1U8;C9J574;Q9BUR5-2
ALDH5A1,P51649;C9J8Q5;P51649-2;F5H328
COX17,Q14061;C9J8T6
SRSF7,Q16629;Q16629-3;Q16629-2;Q16629-4;C9JAB2;F8WEA1
TMUB1,Q9BVT8;C9JE12;C9JCW7
ACAA1,P09110;H7C131;C9JDE9;B4E072;H0Y4D4;P09110-2
CYCS,P99999;C9JFR7;CON__P62894
MRPS34,P82930;C9JJ19
FARP1,Q9Y4F1;Q9Y4F1-2;C9JME2;Q9Y4F1-3;M0QYB0;H0Y783;M0QXT1;M0R262
CRTAP,O75718;C9JP16
STK11IP,Q8N1F8;C9JQV3;Q8N1F8-2;H7C2J7;H7C236
CHCHD3,Q9NX63;C9JRZ6;F8WAR4;G3V1K1;F8WD73
L2HGDH,Q9H9P8;Q9H9P8-2;C9JVN9;G3V5S1;G3V272
TMEM106B,Q9NUM4;F2Z3N7;C9JZ87
CTNND1,O60716;O60716-3;O60716-13;O60716-11;O60716-10;O60716-9;O60716-5;C9JZR2;O60716-2;O60716-4;O60716-16;O60716-15;O60716-14;O60716-12;O60716-8;O60716-7;O60716-6;O60716-21;O60716-19;O60716-18;O60716-17;O60716-24;O60716-23;O60716-22;O60716-20;O60716-29;O60716-27;O60716-26;O60716-25;O60716-32;O60716-31;O60716-30;O60716-28;E9PRE2;H0YC95;E9PKY0;E9PKL1
TXNRD2,Q9NNW7;Q9NNW7-3;F5H1L4;E7ENA2;Q9NNW7-2;D3YTF8;F5H2V0;D3YTF9;Q9NNW7-4;E7EWK1
COX7C,P15954;D6R9Z7
TMEM33,P57088;D6RAA6;H0Y8N0;J3KN43;D6RBY2
MRPL27,Q9P0M9;D6RAN8;H7C5U8;D6RE11;B3KN43
11-Sep,Q9NVA2;D6RGI3;D6RER5;Q9NVA2-2;D6RDU5;H0Y961;H0Y9G8;D6RDP1;D6R9Y6
STX18,Q9P2W9;D6RF48;D6RC71;D6RD65;H0YAL4
COX7A2,P14406;D6RIE3;D6RGV5;H0UI06;D6R9C3
ELOVL5,Q9NYP7;E2QRH7;Q9NYP7-2;Q9NYP7-3
PPA2,Q9H2U2;E2QRM6;Q9H2U2-2;D6R967;H0Y9D8;B4DFH3;Q9H2U2-6;Q9H2U2-3;D6RGV9;Q9H2U2-4
TACC1,O75410;E5RFM9;R4GMT7;O75410-7;G8JLK4;O75410-2;E5RJU4;H0YAY0;E7EVI4;E7ET87;O75410-3
TCEB1,Q15369;R4GMY8;E5RHG8;Q15369-2
AP3B1,O00203;E5RJ68;Q13367;B7ZKR7;B7ZKS0;H0YBD0
ARMC1,Q9NVT9;E5RJ86;E5RHK3;E9PR92
MRPL13,Q9BYD1;E5RJI7;H0YAX3;E5RFI2
SKP1,P63208;E5RJR5;E7ERH2;F8W8N3;P63208-2
RNF5,Q99942;E7EM95
SQSTM1,Q13501;E7EMC7;Q13501-2;E9PFW8;E3W990;D6RBF1;C9J6J8;C9JRJ8
AP3D1,O14617;O14617-2;O14617-5;O14617-3;E7EMM2;G5E988;O14617-4
RAI14,Q9P0K7;Q9P0K7-4;Q9P0K7-3;E7EMX7;Q9P0K7-2;D6REL2;D6R9G6;D6RF74;D6RE17
KIAA0319L,Q8IZA0;Q8IZA0-2;E7EN73;H0Y4S8;C9J519;Q8IZA0-3;B1AN15
HK1,P19367;P19367-4;P19367-2;P19367-3;E7ENR4;B1AR63;B1AR62;B1AR61;Q2TB90;P52790;Q2TB90-3;Q2TB90-2
SEC24C,P53992;E7EP00;G5EA31;B4DZT4
CD44,P16070;H0YD13;P16070-18;P16070-12;P16070-14;P16070-13;P16070-11;P16070-10;P16070-16;P16070-8;P16070-17;P16070-6;P16070-4;P16070-3;P16070-7;E7EPC6;P16070-5;H0Y2P0;H0YDW7;H0YCV9;P16070-15;H0Y5E4;P16070-9;E9PKC6;H0YDX6;Q86UZ1;H0YE40;P16070-19;H0YD17;J3KN83
PRRC2C,Q9Y520;Q9Y520-6;Q9Y520-4;E7EPN9;Q9Y520-5;Q9Y520-7;Q9Y520-2;Q9Y520-3;H7C5N8
NDUFV2,P19404;E7EPT4
IDH3G,P51553;E7EQB8;P51553-2;E9PF84;G5E9Q7;H7C1W2;H7C1R3;H0Y5Q7
FAM136A,Q96C01;E7EQY1;C9JF51;C9J2Y4
ATP2C1,P98194;P98194-2;E7ERC6;P98194-4;H0Y9V7;P98194-3;P98194-8;P98194-5;P98194-6;P98194-7;H0Y8X9;H0Y9S7
PSEN1,P49768;E7ES96;P49768-7;P49768-2
MRPL22,Q9NWU5;E7ESL0;J3KQY1;Q9NWU5-2;Q9NWU5-3
NDUFA10,O95299;E7ESZ7;Q8WXC9;H7C2W5;H7C1Y7;H7C2X4;Q8N1B9;C9J6X0
RPS24,P62847;P62847-2;E7ETK0;P62847-3;P62847-4
PCCB,P05166;E9PEC3;E7ETT4;E7EUY3;E7ETT1;E9PDR0;P05166-2;E7EX59;C9JQS9;F8WBI9;E7ENC1
MRPL3,P09001;H0Y9G6;E7ETU7;D6RC14;E9PF06;D6RBQ5
MARK2,Q7KZI7;Q7KZI7-4;Q7KZI7-10;Q7KZI7-13;Q7KZI7-7;E7ETY4;Q7KZI7-2;Q7KZI7-15;Q7KZI7-5;Q7KZI7-16;Q7KZI7-9;Q7KZI7-12;Q7KZI7-14;Q7KZI7-3;Q7KZI7-6;Q7KZI7-11;E9PC69;Q7KZI7-8;F5H4F6;F5H6N2;F5H4J8
GPX8,Q8TED1;E7ETY7
ABCD3,P28288;E7EUE1;F5GYC1;P28288-2;P28288-3
EIF4G1,Q04637;Q04637-3;Q04637-6;Q04637-7;Q04637-5;E7EX73;Q04637-4;E9PGM1;E7EUU4;Q04637-8;Q04637-9;C9JF13;H7C044;C9J6B6;REV__Q8NEG2-2;H7C0V6;REV__Q8NEG2;REV__F5H7J8;REV__C9JQZ6;REV__J3KQX6
MPP2,Q14168;Q14168-3;E7EX01;Q14168-2;E7EV80;E7EV91;E5RI47;E5RFN8;E5RK50;E5RJK0;E5RK44;E5RI32;E5RIU3
MAP4,P27816;P27816-2;P27816-6;E7EVA0;P27816-4;P27816-5;H0Y2V1;H7C4C5;B9ZVR1;F8W9U4;E9PGM5;B4DSQ1;B5MEG9
PSMD2,Q13200;E7EW34;E9PCS3
EXOC6,Q8TAG9;E7EW84;Q8TAG9-2;F2Z2Q3;B1AP46;F2Z3K0
CALD1,Q05682;Q05682-3;Q05682-2;Q05682-4;Q05682-5;E9PGZ1;F5H1Z9;E7EX44;Q05682-6;C9J813;C9JEK3;C9JE79;F8WE61
DCTN1;DKFZp686E0752,Q14203;Q14203-3;Q14203-4;E7EX90;Q14203-6;Q14203-5;Q14203-2;Q6AWB1;E7EWF7;C9JJD0;C9JKG6;E9PCY0
NT5DC2,E9PAL9;Q9H857-2;Q9H857;C9JTZ6;Q9H857-3;Q9H857-4;H7C519;H7C4G8;C9J036
RAVER1,Q8IY67-2;E9PAU2;K7EKA4;K7EQG2;Q8IY67;Q8IY67-3;K7EKR9
NACA,E9PAV3;F8VZJ2;F8W0W4;H0YHX9;Q13765;Q13765-2;F8W1N5;F8VNW4
PDHX,O00330;E9PB14;H0YD97;O00330-2;E9PLU0;E9PRI6
SDHA,P31040;E9PBJ5;D6RFM5;H0Y8X1;H0Y8S2
PAICS,P22234;E9PBS1;P22234-2;D6RF62
GALNT7,Q86SF2;E9PBY3
AGK,Q53H12;E9PC15;E9PG39
CCNB1,P14635;E9PC90;Q5TZP9;D6RHI0
OGDH,Q02218;F5H801;Q02218-2;E9PDF2;E9PCR7;E9PFG7;Q02218-3;Q9ULD0;Q9ULD0-3;Q9ULD0-2;C9J4G7
SMC4,Q9NTJ3;E9PD53;Q9NTJ3-2;C9JR83;C9JVD8;C9J578;C9J9E4
CCDC18,Q5T9S2;E9PDA0
MYO1B,O43795;O43795-2;E9PDF6;E7EPB4;H7C2Y7;E7EQD9;C9JUP5;C9JYW1;C9K0I9;G3V342
DMD,P11532;P11532-4;E9PDN5;P11532-5;P11532-10;P11532-9;P11532-8;P11532-7;P11532-6;F5GZY3;E7EQR9;E7EQS5;F8VX32;E7ESB2;H0Y304;H0Y8D5;P11532-3;P11532-2;H0Y3E8;Q4G0X0
WDR6,E9PDU5;Q9NNW5;E9PBK6;C9K020
NUP155,O75694;E9PF10;O75694-2
HADH,Q16836;E9PF18;Q16836-3;Q16836-2
TBL2,Q9Y4P3;E9PF19;C9JVF0;F8WDI9
ERGIC3,Q9Y282;Q9Y282-3;H7BXI5;H0Y5K5;E9PFA8;H0Y621;Q9Y282-2;H0Y802;H0Y6Z0;A6PVJ2
PRDX3,P30048;E9PH29
TCOF1,Q13428;Q13428-3;Q13428-4;E9PHK9;Q13428-2;Q13428-8;Q13428-6;J3KQ96;Q13428-7;E7ETY2;Q13428-5;H0YA99;H0YAB7
LANCL1,O43813;E9PHS0;F8WDS9
EPB41L2,E9PHY5;O43491-4;E9PK52;O43491-3;O43491-2;E9PII3;E9PQD2;E9PRG1;E9PIG0;E9PJP4;E9PQN0;Q9H4G0;Q4VXN0
MTG1,Q9BT17;U3KQ69;E9PI62;Q9BT17-2;E7EVK2
SPCS2,Q15005;E9PL01;E9PI68;E9PRB9;H0YE04
TMEM126B,Q8IUX1;H0YEG5;E9PKZ9;E9PJQ6;E9PKZ7;H0YD74;Q8IUX1-4
EEF1D,P29692;E9PK01;P29692-2;E9PPR1;E9PL12;E9PQ49;E9PI39;E9PRY8;E9PMW7;E9PIZ1;H0YCK7;P29692-4;E9PK06;E9PQZ1;E9PK72;E9PKK3;E9PNW6;E9PQC9;E9PJD0;H0YE58;H0YE72
BCLAF1,Q9NYF8;Q9NYF8-3;E9PK09;E9PQN2;E9PKI6;E9PK91;Q9NYF8-2;Q9NYF8-4;E9PJA7;H0YF00
HYOU1,Q9Y4L1;E9PL22;E9PJ21;B7Z909;J3QL06;J3KTF1;J3QQH7;J3QLE9;J3KT27;J3KSJ2;Q9BXT5
MTFR1L,Q9H019;E9PPF9;E9PLD2;Q9H019-3;E9PPQ0;C9JF50;E9PLU1;E9PRK5;Q9H019-2
C11orf48,E9PLD3;E9PRG8
NPEPPS;NPEPPSL1,P55786;E9PLK3;B7Z463;A6NEC2;A6NEC2-2
LAMTOR5,O43504;R4GMU8;E9PLX3
CD151,P48509;E9PRJ3;E9PMR4
RHOC,P08134;Q5JR08;E9PN11;E9PQH6
NDUFS8,O00217;E9PPW7;E9PKH6;E9PN51;F8W9K7;H0YDT4
FAU,P62861;E9PR30
NME4,O00746;Q4TT34;F2Z2X0;A2IDD0;H0Y6J0;A2IDC9
TMEM258,F5GWH5;P61165
RHBDF1,Q96CC6;F5GWL4;A2IDA2
JUP,F5GWP8;C9J826;C9JK18;C9JKY1;C9JTX4;C9JPI2;K7ERP3
CHD4;CHD5,Q14839;F5GWX5;Q14839-2;Q8TDI0;K7EMY3;Q5TG85;Q12873;Q12873-3;F2Z2R5;Q12873-2
PODXL,O00592;O00592-2;F5GWY5;F5H7A2
TMED2,Q15363;F5GX39;E7EQ72
SUCLA2,Q9P2R7;F5GXC8;Q9P2R7-2;Q5T9Q5;F5H5G8;Q5T9Q8
DAD1,P61803;F5GXX5;F5H895
ATP6V0D1,P61421;R4GN72;F5GYQ1;J3QL14;H3BQJ1
LONP1,P36776;F5GZ27;K7EJE8;K7EKE6;Q8N8K8;K7ER27;K7ER56;K7ERR6
NPTN;DKFZp566H1924,Q9Y639;Q9Y639-3;Q9Y639-1;Q9UFM8;Q9Y639-4;H7BXJ1;Q9Y639-5;F5GZD0;H3BQ94;H3BU51;F5GYM7
PARD3,Q8TEW0;Q8TEW0-5;Q8TEW0-10;F5GZI3;Q8TEW0-9;Q5VWU8;Q8TEW0-8;Q8TEW0-3;Q8TEW0-7;Q5VWV2;Q8TEW0-6;Q8TEW0-4;Q8TEW0-11;Q8TEW0-2;B1AP52
DHX36,Q9H2U1;Q9H2U1-3;Q9H2U1-2;F5GZS0;E7EWK3;H7C5F5
SLC3A2,P08195;P08195-3;P08195-2;F5GZS6;J3KPF3;P08195-4;H0YFS2;F5H0E2;F5GZI0;F5H867;F5GZR9;H0YFX4
PUS1,Q9Y606;F5H1S9;G8JLB3;Q9Y606-2;F5GXL3;F5H168;F5GY32;F8W9U5;F5H1B2
GBA,P04062;F5H241;J3KQG4;J3KQK9;P04062-2;P04062-3
ANKLE2,Q86XL3;F5H2H5;Q86XL3-2;Q86XL3-3;F5H1D4;F5H417;F5H6J0
VMP1,Q96GC9;K7EL93;K7EL74;K7ENU2;K7EK01;K7EMI0;K7ELS2;F5H2J3;K7EMN6
DCTN2,Q13561;Q13561-3;Q13561-2;F5H2S7;F5H223;F8W1I6;H0YI98;F8VW18;F8VRV7;F8VX93;H0YHL1;F8W0U6
EIF3A,Q14152;F5H335
SEC23A,Q15436;F5H365;F5H6C4;B3KXI2;G3V4V1;G3V1W4;G3V3G5;G3V2R6;G3V5X8;G3V4Q2
TSG101,Q99816;Q99816-2;F5H442
ATP6V0A1,Q93050;Q93050-1;F5H569;Q93050-3;B7Z641;B7Z2A9;K7EM24;K7EPG4;K7ELZ6;K7EQW2;K7EN36;F5H1T6
NUP133,Q8WUM0;F5H5C2;Q5T8N1;Q5TDI3
GRSF1,Q12849;F5H5I6;H0Y8R1;H0YAK1;Q12849-5;H0YAM1
TAP1,Q03518;F5H648
MYO1C,O00159;O00159-3;O00159-2;F5H6E2;I3L204;I3L168;I3L3F5;I3L4D4;I3L501;I3L3Y6
MAGOH;MAGOHB,P61326;Q96A72;F5H6P7;F5H3U9;F5H6N1;B1ARP8;A6NEC0
CDK17,Q00537;F5H6Z0;Q00537-2;F8VZY6;F8VQZ9;F8W1S5
RPTOR,Q8N122;F5H7J5;Q8N122-2;I3L2I3;I3L436
TRAP1,Q12931;F5H897;I3L0K7;I3L239;I3L2D5;I3L253
IARS2,Q9NSE4;F6SBX2
PDE12,Q6L8Q7;F6T1Q0;Q6L8Q7-2
CAD,P27708;F8VPD4;H7C2E4;H7C3Z5
DDX39B;DDX39A,Q13838;Q13838-2;F8VQ10;B4DP52;Q5STU3;F6UN21;F6TRA5;B4DIJ6;F6WLT2;O00148;F6S4E6;F6UJC5;H0Y400;K7EQN7;B1Q2N1;O00148-2;K7EN69;H0YCC6;F6QYI9;K7EPJ3;F6R6M7
RITA;C12orf52,Q96K30;F8VRG5;Q96K30-2
PLXNA1;PLXNA3,Q9UIW2;F8VSZ4;P51805;O75051;Q9HCM2
DENR,O43583;F8VVL1
CSRP2,Q16527;F8VW96;F8VQR7
SLC38A1,Q9H2H9;F8VX04;F8VX12
SMARCC2;SMARCC1,Q8TAQ2;Q8TAQ2-2;Q8TAQ2-3;F8VXC8;Q92922
PPP1CC,P36873;F8VYE8;P36873-2;F8W0W8;F8VR82
PRKAG1,P54619;F8W9D1;F8VYY9;P54619-2;P54619-3;H0YHF8;H0YIC9;F8VZX1;Q9UGJ0;E9PGP6;Q9UGJ0-2;G8JLM0;Q9UGJ0-3
AK2,P54819;P54819-2;F8W1A4;P54819-6;P54819-3;P54819-5;F8VZG5;P54819-4;F8VY04;G3V213;F8VPP1
MYL6,P60660;P60660-2;F8W1R7;G3V1V0;J3KND3;G8JLA2;B7Z6Z4;F8VPF3;G3V1Y7;F8VZU9;F8W180;H0YI43;F8VXL3
HNRNPA1;HNRNPA1L2,P09651;P09651-3;F8W6I7;P09651-2;F8VTQ5;F8VZ49;Q32P51;F8W646;F8VYN5;H0YH80
UBAP2L,Q14157;Q14157-1;Q14157-4;Q14157-3;F8W726;Q14157-5;Q5VU81;Q5VU80;Q5VU79;Q5VU78;Q5VU77;H0Y5H6
RPL32,P62910;F8W727;D3YTB1;D3YTI8
FAM162A,Q96A26;F8W7Q4;E9PH05
YTHDF1;YTHDF3,Q9BYJ9;F8W840;Q7Z739;R4GMX0;R4GN55;S4R3N5;Q9BYJ9-2
MACF1,Q9UPN3-2;Q9UPN3-3;F8W8Q1;H3BPE1;H3BQK9;Q9UPN3;Q9UPN3-4;F5GZL7;Q9UPN3-5;H0Y390;H0YD69;E9PNZ4;H0Y314;E9PLY5;H0Y6T5;H0Y4F5;E9PLY0;E7ERU0;F8W9J4
TOMM5,Q8N4H5;Q8N4H5-3;Q8N4H5-2;F8W8Z9
IGF2BP2,Q9Y6M1;Q9Y6M1-5;Q9Y6M1-6;Q9Y6M1-3;Q9Y6M1-4;Q9Y6M1-1;F8W930
STX3,Q13277;Q13277-2;F8W9Y0;Q13277-3;E7ET77
RCN2,Q14257;F8WCY5;H0YL43;A8MXP8
DTNA,Q9Y4J8;M0QZ28;Q9Y4J8-6;Q9Y4J8-10;Q9Y4J8-11;Q9Y4J8-13;Q9Y4J8-2;M0QYX6;F8WE01;Q9Y4J8-8;A8K541;Q9Y4J8-5;Q9Y4J8-4;Q9Y4J8-3;Q9Y4J8-12;M0R021;K7ERH7;M0R0C4
ALG3,Q92685;F8WF93;H7BZZ2;F8WE30;H7C0X4
NDUFV1,P49821;P49821-2;G3V0I5;B4DE93;E9PQP1;E9PMX3;E9PLC6;E9PPR0;E9PJL9;E9PPD6;E9PPS5;H0YE81
PON2,Q15165;Q15165-3;J3QT77;Q15165-1;G3V1K3;G3XAK4
RPL18,Q07020;G3V203;J3QQ67;F8VWC5;H0YHA7;F8VUA6;F8VYV2;F8VXR6
ATP5J2-PTCD1;PTCD1,G3V325;O75127;P56134-4;C9JJT5;P56134-2;F5H4H2;C9JU26;C9JQN9;C9JGL8;C9JWL7
CTAGE5,O15320;O15320-8;O15320-4;O15320-3;O15320-10;G3V599;O15320-9;O15320-6;O15320-7;O15320-2;O15320-5;Q86UF2;A4FU28;G3V5K6;A4D2H0
NDC1,Q9BTX1;G3XA81;Q9BTX1-2;B4DZG6;Q9BTX1-4;Q9BTX1-3
MAP4K4,G3XAA2;G5E948;O95819;O95819-5;E7ENQ1;O95819-4;H7C360;O95819-2;O95819-3;C9J840;E7EN19;E7ESS2;E7EX83;H7C0P6;Q8N4C8;Q8N4C8-5;Q8N4C8-2;Q8N4C8-3;Q8N4C8-4;C9J338;I3L2I2;H7C3Z6;Q9NRD5;I3L203;E7ETN6;F6V107
RBM39,Q14498;G3XAC6;Q14498-2;Q14498-3;E1P5S2;H0Y4X3;Q5QP23;Q5QP22;Q5QP21;Q86U06;Q86U06-2;Q86U06-4;F8WF24;F2Z2Z5;H0Y6I9;A8MYG5;G3V5Z6;H0YJJ3;G3XAP0;Q86U06-5
LAMB1,P07942;G3XAI2
RFTN1,Q14699;G3XAJ6;C9JHG2;U3KPZ2;C9JRN3
GPR107,Q5VW38-2;Q5VW38;G5E994;Q5VW38-3
ITPR1,Q14643-4;Q14643-3;G5E9P1;Q14643-8;Q14643-5;Q14643;Q14643-7;Q14643-6;Q14643-2;E7EVP7;B7ZMI3
MRPS22,P82650;G5E9W7;G5E9V5;H7C5H3;H7C5F2;Q9H3I1;H7C5L9;C9J5D8
PDIA3,P30101;G5EA52
HNRNPH1,P31943;G8JLB6;E9PCY7;D6RBM0;D6RIU0;D6RFM3;D6RIT2;D6RAM1;E5RGV0;D6R9T0;D6RDU3;D6RJ04;D6RIH9;E7EQJ0;E7EN40;H0YB39;P55795;D6RDL0;H0YBD7;E5RGH4;H0YBG7;D6RF17;H0YAQ2;F5GZT4;D6R9D3;E5RJ94
SMPD4,G8JLC4;Q9NXE4-6;Q9NXE4-2;H7BXF4;Q9NXE4;B4DWK7;B4DM23;Q9NXE4-3;Q9NXE4-4;H7C1Q6;Q9NXE4-5;H7C0W5;H7C2E2;H7C235;H7C2J2;F8WEQ5
MTHFD1L,H0Y327;Q5JYA5
SLC30A7,Q8NEW0;H0Y362
ABCA3,Q99758;H0Y3H2
MTX1,Q13505;H0Y6Y5;Q13505-3;Q13505-2
CALM1;CALM2;CALM3,P62158;H0Y7A7;E7ETZ0;E7EMB3;F8WBR5;M0QZ52;G3V479;G3V361;Q96HY3;G3V226;P27482;C9J7T9;P02585
PISD,Q9UG56;H0Y7P7;Q9UG56-2;B1AKM8;B1AKM6
EMC4,Q5J8M3;S4R329;H0YK61;H0YNK0;H0YNK8;H0YLP8;Q5J8M3-3;Q5J8M3-2;H0YN63;H0YMH5
CERS2,Q96G23;Q5SZE2;Q5SZE3;H0YKH6;Q5SZE4;Q5SZE1;H0YNU7
IDH3A,P50213;H0YL72;B7Z9J8;P50213-2;H0YMU3;H0YLI6;H0YNF5;H0YM46;H0YKD0;H0YM64
SRP14,P37108;H0YLA2
ALDH1A2;RALDH2,O94788;O94788-4;O94788-2;H0YMG7;O94788-3;Q9UED3;H0YKL3
RPS27L,Q71UM5;H0YMV8;C9JLI6
DDX17,Q92841-3;H3BLZ8;Q92841;Q92841-1;Q92841-2;C9JMU5
SPNS1,Q9H2V7;Q9H2V7-3;Q9H2V7-2;H3BMF4;H3BT44;H3BPT8;Q9H2V7-5;H3BPQ9;Q9H2V7-4;H3BR82
RNPS1,Q15287;H3BPG5;H3BV80;H3BMS0;Q15287-3;Q15287-2;H3BMM9;H3BTC0
RSL24D1,Q9UHA3;H3BMQ2
IST1,P53990;P53990-2;H3BMU1;H3BUI0;P53990-3;P53990-4;P53990-5;H3BQF7;J3KR23;F5GXM3;H3BRE2;J3QLU7;H3BPP6
FUS,P35637;P35637-2;H3BPE7
NDUFB10,O96000;H3BPJ9;Q96II6;H3BV16
HAGH,Q16775;H3BPK3;Q16775-2;H3BPQ4;H3BV79
APRT,P07741;H3BSW3;P07741-2;H3BQF1;H3BQZ9;H3BQB1
EARS2,Q5JPH6;H3BTB7;H3BRF5
C16orf58,Q96GQ5;H3BSM7;H3BR29;B4DJP2;H3BTA0;H3BS97;I3L2V0
LRRC57,Q8N9N7;H3BSW0
,H3BTC1
ATXN2L,Q8WWM7;Q8WWM7-6;Q8WWM7-8;Q8WWM7-5;Q8WWM7-4;Q8WWM7-9;Q8WWM7-2;H3BUF6;Q8WWM7-3;H3BSK9;Q8WWM7-7;H3BSQ5;H3BUE3
NOB1,Q9ULX3;H3BUR4
TMEM209,H7BXV2;Q96SK2-3;Q96SK2-2;Q96SK2;C9J5K4;C9JYX1;Q96SK2-4
PCMT1,P22061;P22061-2;J3KP72;H7BY58;F8WDT3;F8WAV5;F8WAX2;B7Z972;H7C4X2
NUPL1,Q9BVL2;Q5JRG1;Q9BVL2-2;H7BYF2;Q9BVL2-3
PDIA3,H7BZJ3
SUMO2,P61956;P61956-2;H7BZT4;P55854;Q6EEV6;A8MUA9;B4DUW4;A8MU27
YIPF4,Q9BSR8;H7C0D5
SLC35E1,Q96K37;Q96K37-2;H7C1I0;C9JK45
BET1;DKFZp781C0425,O15155;H7C1N3;Q96EA0;C9JTT8;Q68DU7
ART4,Q93070;H7C2G2
NIPSNAP1,Q9BPW8;H7C2U6;F8WCR5;C9JDV8
DDX19A;DDX19B,Q9NUU7;I3L0H8;H3BTB3;Q9UMR2;Q9UMR2-2;Q9UMR2-4;H3BQK0;H3BMQ5;H3BN59;J3QRH0;H3BSL8;Q9UMR2-3;B4DRZ7;I3L352
NSF,P46459;I3L0N3;B4DFA2;I3L2G1;I3L0L3;K7EQD6;I3L338;I3L4Q9
PAM16,Q9Y3D7;I3L0X9;I3L3T0;P57737-3;I3L1U7
NEURL4,Q96JN8;I3L100;I3L2W2;Q96JN8-2;I3L2Z9;K7EPS7
MYBBP1A,Q9BQG0;I3L1L3;Q9BQG0-2;I3L2H8;I3L311
RPS15A,P62244;I3L3P7;I3L246;H3BV27;H3BT37;I3L303;H3BVC7
ATPAF1,Q5TC12;I3L448;I3L1W9;A8MRA7;H0YDD6;H0YEW4;Q5TC12-2;H0YCA6;H0YD21
NUP88,Q99567;J3KMX1;I3L245
NDUFA13;YJEFN3,Q9P0J0;J3KN00;B4DEZ3;K7EJE1;E7ENQ6;U3KPW7
PI4KA,P42356;J3KN10;P42356-2
OXA1L,Q15070;Q15070-2;S4R3Q9;J3KNA0;E7EVY0;C9JC63;Q15070-3
CYB5B,J3KNF8;J3QR91
CHID1,Q9BWS9;Q9BWS9-3;J3KNL3;Q9BWS9-2;E9PPA0;E9PKF1;E9PI70;E9PIP0;E9PRL3;E9PPH0;H0YEA3
ALDH6A1,Q02252;J3KNU8;G3V4Z4
TRABD,Q9H4I3;J3KPT4;Q9H4I3-2
PTRH2,Q9Y3E5;J3KQ48
FKBP8,Q14318;Q14318-2;J3KQ73;U3KQ64;Q14318-3;M0R2K9;U3KQI1;M0R1Q0;M0R1S6;M0R2Q6
C6orf120,Q7Z4R8;J3KQ97
APOL2,Q9BQE5;J3KQL8;E9PM95
RPL36A,P83881;J3KQN4;H7BZ11;H0Y5B4;R4GN19;H7BY91;H0Y3V9
IARS,P41252;J3KR24;Q5TCC4;Q5TCC6;Q5TCD1;Q5TCC5;Q5TCD2
IVD,P26440;J3KR54;P26440-2;H0YLC3;H0YN10;H0YKV0;H7C4G6
SLC39A11,Q8N1S5-2;J3KRX2;J3QS49;Q8N1S5;J3QQP1;J3KS66;J3QLB2
RPL17,P18621;J3QQT2;J3KRX5;P18621-3;P18621-2;J3QLC8;J3QS96;J3KRB3;J3KSJ0
ICT1,Q14197;J3KS15;J3QRF8
DCXR,Q7Z4W1;J3KS22;J3QS36;J3KRZ4;J3QS45;J3KSZ5;J3QL34
FBXL20,Q96IG2;J3KTA1;Q96IG2-2;J3QKL3
RPL19,P84098;J3QR09;J3KTE4;J3QL15
SRSF1,Q07955;J3KTL2;Q07955-3;Q07955-2;J3KSR8;J3QQV5;J3KSW7
SCO1,O75880;J3QL56
MRPS23,Q9Y3D9;J3QLR8
MRPS7,Q9Y2R9;J3QLS3;J3QKW2;J3QQS1;J3KSI8
LIMD2,Q9BT23;J3QQM5;J3KRR0;J3QL69
FDXR,P22570;P22570-4;J3QQX3;P22570-5;P22570-7;P22570-3;P22570-6;P22570-2;G3V0F2;J3QKZ8;J3QQW7
ALDH3A2,P51648;P51648-2;J3QRD1;I3L1M4;J3QS00;J3QKK9;J3KTD9;I3L2W1;J3KTG1;C9JGJ2;I3L0X1
MYL12B;MYL12A;MYL9,O14950;P19105;J3QRS3;P24844;J3KTJ1;P24844-2
YES1,P07947;J3QRU1
CHCHD6,Q9BRQ6;J3QTA6;J3QTB2;H0Y922
TMCO1,Q9UM00;Q9UM00-2;J9JIE6;J3KS45;J3KTQ7;J3QRB3;J3QQY2
RPS15,P62841;K7EJ78;K7EQJ5;K7ELC2;S4R456;K7EM56;K7EPN6
EFTUD2,Q15029;Q15029-2;K7EJ81;K7EP67;K7EJ74
H3F3A;H3F3B,P84243;K7EK07;K7EMV3;B4DEB1;K7ES00;K7EP01
PRKCSH,P14314;P14314-2;K7ELL7;K7EPW7;K7EKX1;K7EJ70
TMEM205,Q6UW68;K7ELQ9;K7ER05;K7EJQ9;K7EM09;K7EPR0
PIN1,Q13526;K7EN45;K7EMU7
SNRPD2,P62316;K7ERG4
MRPL4,Q9BYD3;K7ES61;K7ELQ0;Q9BYD3-2;K7EKI4;K7ELF1;K7EJ73
DCAKD,Q8WVC6;K7ESP4;Q8WVC6-2
SARS2,Q9NP81;M0QWZ7;Q9NP81-2;E7EX87;M0R2C6;B4DJM9;M0R259;M0R2H5;M0QX29;M0R1C0
C19orf10,Q969H8;M0QXF7;M0QYN0
FBL,P22087;M0QXL5;M0R299;M0R2Q4;M0R0P1;M0R2U2;M0R1H0;M0R2B0;M0QXC9
NUP62,P37198;M0QXN5
AP2S1,P53680;M0R0N4;M0QYZ2;P53680-2;M0QZ21
HNRNPM,M0QZM1
RPS5,P46782;M0R0F0;M0R0R2;M0QZN2
RPL18A,Q02543;M0R117;M0R3D6;M0R1A7;M0R0P7
EMC10,Q5UCC4;Q5UCC4-2;M0R2A0
AGPS,O00116;B8ZZ81
KIF2A,O00139;O00139-2;O00139-1;O00139-5;O00139-4;D6R9M0;H0Y8H2
PDLIM1,O00151
SNAP23,O00161;H3BM38;O00161-2;H3BNE1;H3BR18;H3BPJ0;H3BNG6;H3BU94;H3BR99;H3BV99;H3BP15;H3BQY9
HAX1,O00165;O00165-5;O00165-2;O00165-3;E9PIQ7;Q5VYD6;O00165-4;O00165-6
STXBP3,O00186;REV__H7C070;REV__Q2LD37-6;REV__Q2LD37-7
PGRMC1,O00264;B7Z1L3
WWP2,O00308;O00308-2;H3BPJ8;H3BRX8;H3BS79
IPO5,O00410;B4E0R6;O00410-3;O00410-2;H0Y8C6;E7EQT5;E7ETV3;C9JZD8;E7EV12;C9JXE0;C9J875;C9JZ53;C9JQT6;E7ESA1;E7ESZ1;E7EWK4;E7EX05;E7ETV8;C9JMV5;H0Y3V4
POLRMT,O00411;K7EMH3;K7ESD1
SAP18,O00422;U3KQ12;H7BZW6;U3KPY7
IGF2BP3,O00425;O00425-2;F8WD15
PIK3R2,O00459;E9PFP1;Q92569;Q92569-3;E7EMU8;Q92569-2;F6TDL0
GOLIM4,O00461;F8W785
AGRN,O00468;O00468-6;O00468-3;O00468-5;O00468-4;O00468-7;O00468-2;H0Y5U1
NDUFA4,O00483
SDCBP,O00560;O00560-3;O00560-2;G5EA09;B4DHN5;E9PBU7
NOP56,O00567;H0Y653;H0YDU4;Q5JXT2
DDX3X;DDX3Y,O00571;O00571-2;O15523;B4DXX7;C9J081;B4E3C4;Q9NQI0;C9J8G5;D6RCM4;Q9NQI0-3;Q9NQI0-2;Q9NQI0-4;B4DLA0;H0Y960
SCD,O00767
COX7A2L,O14548;E5RJZ1;H0YBD2;E5RFH8
IRS4,O14654
ACOT8,O14734;H7C5A7;E9PJN0;E9PRD4;E9PMC4;F6VBM3;E9PIS4;Q9BR14
CDIPT,O14735;H3BUR9;H3BTV1;B3KY94;O14735-2
PDCD5,O14737;K7EQA1;Q3HM38;K7ESJ4
SLC9A3R1,O14745;J3QRP6;B3KY21
PSMA7;PSMA8,O14818;O14818-2;H0Y586;Q8TAA3;Q8TAA3-2;Q8TAA3-5;O14818-4
SCAMP3,O14828;O14828-2
MGST3,O14880;Q5VV89;Q5VV87
TIMM23;TIMM23B,O14925;Q5SRD1;E9PB91;B1APJ0;E7EP42;H0Y6X5;S4R2X5;M0QZG8;M0R0T5
CASK,O14936-3;O14936-4;O14936;O14936-6;F8W998;O14936-2;H9KV37;Q5JS72;O14936-5;Q5JS74;Q5JS79
UQCRQ,O14949
RAB7L1,O14966;O14966-2;O14966-3;E9PL56
CLGN,O14967;D6RAZ4
PPP1R12A,O14974;O14974-5;O14974-4;O14974-3;O14974-2;F8VZN8;H0YIS4;H0YHI8;H0YIM2;H0YIS3;F8VW28;H0YHL8
SLC27A2,O14975;O14975-2;G3V1R7
HNRPDL,O14979;O14979-3;O14979-2
XPO1,O14980;C9JKM9;F8WF71;C9IZS4;C9JQ02;C9JV99;C9J673;C9JF49;C9IYM2;H7BZC5
BTAF1,O14981;B4E0W6
PLXNB2,O15031;A6QRG9;E2PU09;A6QRH1
U2SURP,O15042;O15042-2;E7ET15;E7EW00;H0Y8D9;C9JB80;O15042-3;C9J5L1;H7C4V2
KIAA0391,O15091;O15091-2;O15091-4;O15091-3
SCAMP1,O15126;U3KQ30;O15126-2
SCAMP2,O15127;H3BV04;H3BN93;H3BUB6;H3BPL9
PGRMC2,O15173;O15173-2;U3KQM0;D3DNX8
GNPAT,O15228;B4DNM9;Q5TBH8;Q5TBH6
MRPS12,O15235
RER1,O15258;Q5T092;Q5T091;Q5T093
SURF4,O15260;O15260-2;Q5T8U5;B7Z6A4
SPTLC1,O15269;O15269-2
SPTLC2,O15270;H0YJV2
STX7,O15400;O15400-2
ABCC4,O15439;O15439-2;O15439-3;B7Z3Q7
YKT6,O15498;B4DR94;H7C3K7
PHGDH,O43175;Q5SZU1
NDUFS4,O43181;H0Y9M8
ZW10,O43264;A1A528;F5H3C1
EMC8,O43402;M0R1B0;O43402-2
MBTPS2,O43462
EPB41L2,O43491;Q6R5J7;E9PMV8;Q6ZSX4;E9PPC9;E9PN54
TIMM44,O43615;M0QXU7;M0QXM9;M0R301;M0R124
NDUFA2,O43678;O43678-2;A6NJG2
ACTN4,O43707;O43707-2;O43707-3;F5GXS2;H7C144;K7EJH8;Q08043;P35609;G3V2E8;G3V5M4;G3V2X9;G3V2W4;H0YJW3;G3V2N5;B2RCS5;H7C5W8
SLC25A20,O43772;B4DWZ5;C9JPE1;F8WEF6
SCO2,O43819;C9JBU1
SLC37A4,O43826;U3KPU7;U3KQV0;U3KQS2;O43826-2;U3KQL4
IDH3B,O43837;O43837-2;O43837-3
CALU,O43852;O43852-3;O43852-5;O43852-10;O43852-6;O43852-13;O43852-14;O43852-11
AHCYL1;AHCYL2,O43865;O43865-2;Q96HN2-4;Q96HN2-3;D7UEQ7;H0Y8B3;F8W7N8;C9K0S0
NDUFS5,O43920
PEX1,O43933;E9PE75;H7BZH3
TIMM8A,O60220
OPA1,O60313-2;O60313;E5KLK1;E5KLJ9;E5KLJ5;E5KLJ6;H7C141;H7C321;H7C3G2;C9JY58;C9JMB8
ACSL4,O60488;O60488-2;H0Y9A0;D6RFW9;D6RDA8;D6RD96;D6RF95
SNX3,O60493;O60493-2;O60493-4;O60493-3
STX10,O60499;Q5U8S2;O60499-2;K7ELY2;K7EIY4;K7EJ05;F6RTM7;K7EQ84;K7EK75;K7EPP9
SYNCRIP,O60506;O60506-2;F6UXX1
PLOD3,O60568;H7C2V1;H7C2S8;H7C0B8;C9JIX5
ICMT,O60725;K7EQW0;Q7Z750
DPM1,O60762;Q5QPK2;H0Y368;E9PHH5;Q5QPJ9
USO1,O60763;O60763-2;F5H4X1;F5GYR8;H0Y7C0
MRPS14,O60783
HIST1H2BK;H2BFS,O60814;P57053
CCDC22,O60826
PRAF2;WDR45,O60831;A6NM71;A6NP52
EIF5B,O60841;Q9H2L5;Q9H2L5-3;Q9H2L5-2;G8JLC1
EDF1,O60869;O60869-2
DNAJA2,O60884;H3BMW5
ABCB7,O75027;O75027-2;G3XAC4;B4DGL8;E9PNQ5;E9PJR8
ROCK2,O75116;E9PF63;D6REE7;C9JFJ0
HIP1R,O75146;H0YH66
DNAJC13,O75165;H0YA63
DNAJB6,O75190;O75190-3;O75190-2;C9J2C4;C9JB42;C9JDR7;C9JDX6;F8WCZ4;C9J2P2;E9PH18;B4DN73;Q8NHS0;C9JN01;P25686;Q8WWF6;C9JRD2;C9JXB9;P25686-2
NDUFS7,O75251;F5H5N1;B3KRI2;F5GXJ1
NDUFS2,O75306;O75306-2;B7Z9L2
GBAS,O75323;O75323-2;H7C333;F8WBI5;C9J7B1;C9K068
ATP6V1G1,O75348;O95670;O95670-2;F2Z307
FLNB,O75369;O75369-2;O75369-9;O75369-8;O75369-6;O75369-3;E7EN95;O75369-7;O75369-5;O75369-4;H7C5L4;Q8WXT3
NDUFS6,O75380;D6RBT3
PEX14,O75381;O75381-2;F5H4J2;K7EK59
MRPL33,O75394
SEC22B,O75396
PRPF40A,O75400;O75400-2;O75400-3;F5H578
PMPCB,O75439;G3V0E4;E7ERZ4;F8WAZ6;F8WEA6;F8WBE1
ERLIN1,O75477;B0QZ43
NDUFS3,O75489;B4DFM8;E9PS48
ECI2,O75521;O75521-2;F1LLU7;F8WAW4;C9JB63;C9J000;F8W6J1
BANF1,O75531
ERAL1,O75616;O75616-2;J3QSB2;J3QRV9;J3QT61;K7EQJ8
SNRNP200,O75643;O75643-2;C9JAQ9;B4E0P5
TRMU,O75648;O75648-2;O75648-4;O75648-3;B4DZN5;O75648-5
SLC25A12,O75746;B3KR64;F8W9J0;H0YFB2;B4DGK6
ZMPSTE24,O75844
STAM2,O75886;O75886-2
ATP5H,O75947;O75947-2;F5H608
FLOT1,O75955;B4DVY7;A2AB09;A2AB10;A2AB12;A2AB13;A2AB11;A2ABJ5
ATP5L,O75964;E9PN17
CPD,O75976;O75976-2;J3QQJ4;J3QRJ9
RSL1D1,O76021;J3QSV6;B4DJ58;I3L3U9;I3L3C4;I3L1A3;J3KPU7;I3L2F2;I3L4T8;I3L1Y4;I3L234
WFS1,O76024;H0Y9G5
CLPX,O76031;H0YM48;H0YK07
SRP72,O76094;O76094-2;R4GNC1;D6RDY6
B3GAT3,O94766;B7ZAB3;G3V150;E9PNA1;REV__Q9BRK4
TOMM70A,O94826
UFL1,O94874;O94874-2;O94874-3
ERLIN2,O94905;E5RHW4;E5RJ09;O94905-2;O94905-3
GLS,O94925-3;O94925-2;H7BZD1;B8ZZA8;B8ZZC5;C9JIJ6
AP2A2,O94973;O94973-2;O94973-3;E9PR62;H0YEG0;H0YDE9;E9PQP4;E9PNC4
MFN2,O95140;O95140-2;Q5JXC5
NDUFB4,O95168;C9JXQ9;O95168-2;F2Z3P9
NDUFB8,O95169;Q5W145;K9J7I2;E9PQ68;Q5W143;E9PIZ8
NDUFA7,O95182;M0R0N0;M0R1K9
VAMP5,O95183
RTN3,O95197;O95197-3;O95197-4;O95197-7;O95197-2;B7Z4M1;F5H891;F5GWG7;F5H617;O95197-6;O95197-5
LETM1,O95202;O95202-3;O95202-2
VAPB,O95292;E5RK64;O95292-2
MPZL1,O95297;O95297-4;O95297-2;O95297-5
SMC2,O95347;O95347-2
UTS2,O95399;Q5H8X8;O95399-2
SGPL1,O95470;H0Y3V8;H7BXL7
NSA2,O95478;H0YAI9
MPC2,O95563;Q5R3B4
ACSL3,O95573;H7BYZ7;H7C260;F5GWH2
CDS2,O95674;F6VWC5;E7EQ83
HERC2,O95714;H3BUQ1
RAB3D,O95716;P20336;S4R3Q3
AP2A1,O95782;O95782-2;M0R2D9;E9PPY8
STAU1,O95793;Q5JW30;O95793-2;O95793-3;Q5JW28;F6UDC6
BAG2,O95816;B4DXE2;A2A296
AIFM1,O95831;O95831-3;O95831-2;O95831-5;E9PMA0;O95831-4;O95831-6
TXNDC12,O95881
CLPTM1,O96005;B4DDS3;F5H8J3;K7EJ16;K7EQQ1
TOMM40,O96008;O96008-2;K7EJ57;K7EKG4
PEX11B,O96011;O96011-2;H7C3V6
PAK4,O96013;O96013-4;O96013-2;O96013-3;M0R2X4;M0R3G6;M0R1R1;M0R0L9;Q9P286
CYB5A,P00167;P00167-2;P00167-3;J3KNC7
LDHA,P00338;P00338-3;P00338-5;P00338-2;P00338-4;F5GYU2;F5GXY2;F5GXH2;P07864;Q6ZMR3;F5GZQ4;F5H5J4;F5H6W8;F5H5G7;F5H155;G3XAP5;F5H245
GLUD1;GLUD2,P00367;B4DGN5;B3KV55;P49448
CYB5R3,P00387;P00387-2;P00387-3;B1AHF3
GSR,P00390;P00390-2;P00390-3;P00390-5;P00390-4;H0YC68;H0YBD4
MT-CO2,P00403
GOT2,P00505;E7ERW2
PGK1,P00558;B7Z7A9;E7ERH5;P07205
NRAS,P01111
KRAS,P01116;P01116-2
HLA-B,P01889;P30480;P30460;F6U0H7
LMNA,P02545;P02545-6;P02545-3;P02545-2;P02545-5;P02545-4;Q5TCI8;H0YAB0
TFRC,P02786;G3V0E5;F5H6B1;H7C3V5;F8WBE5;Q9UP52;Q9UP52-2;Q9UP52-3
MT-ATP8,P03928
ALDOA,P04075;J3KPS3;H3BQN4;P04075-2;H3BPS8;H3BUH7;H3BR04;H3BMQ8;H3BU78;H3BR68;P09972;K7EKH5;C9J8F3;J3KSV6;J3QKP5;Q5T7D5;A8MVZ9
APOB,P04114
OAT,P04181;P04181-2
GAPDH,P04406;P04406-2;E7EUT5;O14556
HLA-A,P04439;P13746;Q5SRN5;P13746-2;Q5SRN7;P30455;P30443;P16188;P05534;P30459;P30457;P30453;P01891;P16189;Q09160;P01893;P10314;P30447;P30512;B0UXQ0;P18462;P16190;P30456;P30450;Q9TNN7;A2BF26;P13747;P30511;P17693;H0Y842;Q31611;P30511-2;E9PGX5;Q5RJ85;Q6DU44;P30511-3
TP53,P04637;P04637-4;P04637-5;P04637-6;P04637-2;J3KP33;P04637-3;P04637-7;E7EQX7;E7ESS1;P04637-8;P04637-9;E9PFT5;E7EMR6;E9PCY9;S4R334
RPN1,P04843;B7Z4L4;F8WF32
RPN2,P04844-2;P04844;Q5JYR4;Q5JYR7;F2Z3K5;Q5JYR3;H0Y5M1
GNAI2,P04899;P04899-4;B4E2X5;P04899-3;P04899-2;B3KTZ0;F5GZL8;P19087;A8MTJ3;P11488;F8WE78;A2A2R6
ATP1A1,P05023;P05023-4;P05023-3;P05023-2;P50993;B1AKY9;H0Y7C1;Q13733;Q5TC01;P20648;Q5TC02;E9PRA5;Q5TC05;M0QXF2
ARG1,P05089;P05089-3;P05089-2
ALDH2,P05091;P05091-2;F8VP50;S4R3S4;P00352;Q5SYQ7;Q5SYQ9;Q5SYQ8
SLC25A5,P05141
EIF2S1,P05198;H0YJS4;G3V4T5
HMGN2,P05204;Q15651;Q15651-2
RPLP1,P05386
RPLP2,P05387;P05386-2
RPLP0;RPLP0P6,P05388;Q3B7A4;F8VWS0;F8VU65;F8VPE8;G3V210;F8VW21;F8VQY6;F8VRK7;Q8NHW5;F8VZS0;F8VWV4;F8VS58;F8W1K8
ITGB1,P05556;P05556-5;P05556-2;P05556-4;P05556-3;H7C4N8;C9JPK5;Q5T3E6;E9PLR6;E7EUI6;E7EQW5;E7ERX5
KRT18,P05783;F8VZY9;Q92764;CON__H-INV:HIT000015463;CON__Q92764;C4AM86;CON__Q497I4
MYL3;MYL1,P08590;P05976;P05976-2
GLA,P06280
CDK1,P06493;E5RIU6;P06493-2
ATP5B,P06576;F8VPV9;H0YH81;F8W079;F8W0P7;H0YI37;F8VQY0
ENO1,P06733;P06733-2;K7EM90;P09104;B7Z2X9;E5RI09;E5RG95;F5H0C8;F5H1C3
NPM1,P06748;P06748-3;P06748-2;E5RI98;E5RGW4
TPM3,P06753-2;P06753-3;Q5VU59;Q5VU58;Q5VU61;P06753-5;P06753-4;J3KN67;P06753;D6R904;Q5VU63;K7EP68;D6RFM2;H0YL80;H0YKP3;A6NL28-2;A6NL28
HIST1H2BJ,P06899;Q6DRA6;Q6DN03
EPHX1,P07099;B1AQP8;B1AQP9
LDHB,P07195;A8MW50;F5H793;C9J7H8
P4HB,P07237;H7BZ94;F5H8J2;H0Y3Z3;I3L398;I3L312;I3L3U6;I3L0S0;I3NI03;I3L4M2;I3L3P5;I3L514;I3L1Y5
CTSD,P07339;H7C469;H7C1V0;F8WD96;C9JH19;F8W787
ANXA2;ANXA2P2,P07355;P07355-2;H0YN42;H0YMD0;H0YMU9;A6NMY6;H0YKS4;H0YM50;H0YNP5;H0YMM1;H0YKZ7;H0YLV6;H0YMT9;H0YKX9;H0YN28;H0YL33;H0YKL9;H0YMW4;H0YNA0;H0YKV8;H0YMD9;H0YNB8;H0YN52;H0YKN4;H0YLE2
TUBB,P07437;Q5JP53;Q5ST81;E9PBJ4
PFN1,P07737;K7EJ44;CON__P02584;I3L3D5
EPRS,P07814
HSP90AA1,P07900;P07900-2;Q86U12;G3V2J8;Q14568;Q58FG0
UQCRH,P07919
LYN,P07948;P07948-2;P08631;P08631-3;P08631-2;A8K4G3;P08631-4;H0Y3C5;J3KPD6;E5RJ37
FH,P07954-2;P07954
HSPA1A,P08107;P08107-2;E7EP94
PFKM,P08237;P08237-2;P08237-3;F8VNX2;F8VZQ1;F8VP00;H0YHB8;F8VZ53;F8VSF5;F8W1J8;F8VSF7;F8VW30;F8VSL1;F8VX13
HSP90AB1,P08238;Q58FF7;Q5T9W8;Q58FF8;Q58FF6;Q58FG1
SRPR,P08240;P08240-2
ASNS,P08243;P08243-3;P08243-2;F8WEJ5;C9J057
PDHA1,P08559;P08559-4;P08559-3;P08559-2;Q5JPU3;Q5JPU0;Q5JPT9;Q5JPU1;P29803;Q5JPU2
CYC1,P08574
SNRNP70,P08621;P08621-2;P08621-3;M0QYR1;M0QX04;P08621-4
VIM,P08670;B0YJC4;B0YJC5;Q5JVS8;P17661;P41219;H7C5W5;P41219-2;P07197;P07197-2;E7EMV2;E7ESP9;P07196;K7EKH6;F8W835
RPS17;RPS17L,P08708;P0CW22;H0YN88;H0YK46;H0YN73;H3BNC9
GNAI3,P08754
HMGB1;HMGB1P1,P09429;Q5T7C4;Q5T7C6;Q5T7C0;B2RPK0;P23497
CLTA,P09496-2;P09496;P09496-4;P09496-3;P09496-5;F8WF69;C9J8P9
CLTB,P09497-2;P09497;H0Y9Q6;D6RJD1
CNP,P09543;P09543-2;C9K0L8;K7ERZ0;K7ERC4;K7EN66;B4DFN6
DLD,P09622;E9PEX6;B4DHG0;B4DT69;F8WDM5;F2Z2E3
COX6C,P09669
PARP1,P09874;Q5VX84;Q5VX85
UCHL1,P09936;D6RE83;D6R974;D6R956
H2AFZ;H2AFV,P0C0S5;Q71UI9;Q71UI9-4;Q71UI9-2;C9J0D1;Q71UI9-3;C9J386
CISD3,P0C7P0
FDX1,P10109
HIST1H1E,P10412
DLAT,P10515;F5H7M3;H0YDD4;E9PEJ4
PTPRF,P10586;P10586-2;H0Y6Z7;F2Z3B8;H0Y7Z9;H0Y380;H0Y4H1;P23468;Q13332;P23468-5;P23468-3;Q13332-7;F5GWY7;F5GWT7;P23468-4;F5GWR7;P23468-6;Q13332-5;P23468-2;G3XAD5;G3XAE2;Q13332-6;Q13332-3;G8JL96;Q13332-4;Q13332-2;E9PDC5
TXN,P10599;P10599-2
COX5B,P10606
HSPD1,P10809;E7EXB4;E7ESH4;B7Z712;C9JL25;C9JCQ4;C9JL19;C9J0S9
HSPA5,P11021
HSPA8,P11142;E9PKE3;P11142-2;E9PNE6;E9PN89;A8K7Q2;P54652;E9PLF4;E9PQQ4;E9PQK7;E9PK54;E9PS65;E9PPY6;E9PM13;E9PI65;E9PN25
SLC2A1,P11166;C9JIM8
EPB41,P11171;P11171-2;P11171-5;P11171-4;P11171-3;P11171-6;E9PEW9;P11171-7
PDHB,P11177;P11177-3;P11177-2;C9J634;F8WF02
DBT,P11182;Q5VVL7
RALA,P11233;H7C3P7;C9JPE8
LAMP1,P11279;B4DWL3
ACADM,P11310;P11310-2;Q5T4U5;B7Z9I1;B4DJE7;E9PJM9;H0YDT5;E9PRX4
TOP1,P11387;Q969P6;E5RIC7;Q969P6-2;E5RJ95;E5RFS0;E5RJ33;H0YBR3;H0YC03;E5RGE7;E5RGR2
TOP2A,P11388;P11388-2;P11388-3;P11388-4;J3KTB7
PC,P11498;B4DN00;E9PRE7;E9PS68
MTHFD1,P11586;F5H2F4;G3V3L6
IGF2R,P11717;S4R328
PABPC1;PABPC3,P11940;P11940-2;E7EQV3;E7ERJ7;H0YAR2;Q9H361;H0YAP2;H0YBN4;E5RGH3;H0YB86;Q4VXU2;E5RJB9;E5RH24;Q4VY17;H0YC10;H0YAS7;H0YAS6;H0YB75;E5RHG7;Q96DU9;E5RGC4;E5RFD8;Q96DU9-2
PCNA,P12004
SLC25A4,P12235
SLC25A6,P12236;I7HJJ0;Q9H0C2
CKB,P12277;G3V4N7;H0YJG0;G3V461;P06732;G3V2I1
CKMT1A;CKMT1B,P12532;P12532-2;F8WCN3;C9JSQ1;E9PCP8;C9J8F6;C9J6W7;C9JT96;J3KQ93;C9J995;C9JJX8;P17540;D6RHV3;D6R998
SRC,P12931;P12931-2;P42685;Q04912;B4DPY6;H7C3Z8;H7C074;B4DY49;Q9H3Y6;Q04912-2
XRCC6,P12956;B1AHC9;B1AHC8;F5H1I8
XRCC5,P13010;C9JZ81;H7C0H9
COX4I1,P13073;H3BN72;H3BNV9;Q86WV2;H3BPG0;H3BNI5
NCAM1,P13591-1;S4R389;P13591;R4GMN9;P13591-4;P13591-3;S4R3Z6;H7BYX6;P13591-5;P13591-6
EEF2,P13639
PDIA4,P13667
P4HA1,P13674-2;P13674-3
PLS3,P13797;B7Z6M1;B4DGB4;F8W8D8;B4DI60;U3KQI3;H7C4N2;U3KQL8;Q5TBN3
ETFA,P13804;P13804-2;H0YLU7;H0YKF0;H0YL12;H0YK49;H0YNX6;J3KN60;H0YL83
PRKAR2A,P13861;Q9BUB1;H7C330;H7C1L0;H7C4A9;C9J830
MTHFD2,P13995;Q7Z650;B4DY35;B9A062;B8ZZU9
PKM;PKM2,P14618;P14618-2;H3BTN5;P14618-3;H3BQ34;Q504U3;H3BT25;H3BUW1;H3BTJ2;H3BU13;P30613;P30613-2;H3BN34;H3BQZ3
HSP90B1,P14625;H0YIV0;Q58FF3;F8W026;F8VPC7
COX6B1,P14854;K7EQD3
HNRNPL,P14866;P14866-2;M0QXS5;B4DVF8;M0R1W6;M0QYL7
DARS;DKFZp781B11202,P14868;Q68CR9;C9J7S3;C9JLC1;C9JQM9;H7C278;H7BZ35
JUP,P14923;P35222-2
UQCRB,P14927;P14927-2;B7Z2R2;E5RHG9
PVR,P15151;P15151-3;P15151-2;P15151-4
MYOD1,P15172
EZR,P15311;E7EQR4;E9PQ82;E9PNV3
RPS2,P15880;H0YEN5;E9PQD7;E9PMM9;I3L404;E9PPT0;E9PM36;H0YE27
DSP,P15924;P15924-2
CBR1,P16152;B4DFK7;E9PQ63;A8MTM1
HIST1H1C,P16403;Q02539;P22492;P16401
POR,P16435;H0Y4R2;E7EVY7;F5H468;E7EMD0;E7EPN3;E7EWU0
ATP2A2,P16615;P16615-5;P16615-2;P16615-3;P16615-4;H7C5W9;O14983;O14983-2;B3KY17;Q93084;Q93084-2;Q93084-4;Q93084-3;Q93084-7;Q93084-6;Q93084-5;J3QSY6;H3BVB2;H3BTW4
STMN1,P16949;A2A2D0;P16949-2;Q9H169;B7Z2Z7;G5EA16;Q9H169-2;E5RIR6;E7EVN3
YBX3,P16989-2
HSPA6,P17066;P48741
HMGA1,P17096;P17096-2;P17096-3;H7BYM6
NDUFB7,P17568
PRKACA;PRKACB;KIN27,P17612;P22694;P17612-2;P22694-2;P22694-4;P22694-3;P22694-5;P22694-7;P22694-6;P22694-9;B1APF6;B1APF7;B1APG1;B1APG0;Q15136;B1APG2;B1APF8;B1APF9;K7ERP6;P22694-8;B1APG3;P22694-10;K7ENJ5;P22612
CTPS1,P17812;B7Z9C4;B4DR64
PFKL,P17858;P17858-2;F8WEU2
LGALS3,P17931;G3V3R6
TCP1,P17987;E7ERF2;E7EQR6;F5H282;F5GZ03;F5H136;F5GZI8;F5H676;F5GYL4;F5H726;F5H7Y1
PTPN1,P18031;B4DSN5
RPL35A,P18077;C9K025;F8WBS5;F8WB72
ARF4,P18085;C9JPM4;C9JAK5;U3KQF2
RPL7,P18124;A8MUD9;C9JIJ5;C9JZ88
PGAM1,P18669;Q8N0Y7
ATP5J,P18859;P18859-2;A8MUH2
XRCC1,P18887;F5H8D7;M0QYS5;M0R0D2;M0R1U8;M0QZ96;M0R2N6
NCL,P19338;H7BY16;C9JYW2;C9JLB1;C9J1H7;C9JWL1
EIF2AK2,P19525;P19525-2;F8WBH4;C9JZT2
ATP2B1,P20020;P20020-6;P20020-3;P20020-4;P20020-5;P20020-2;E7ERY9;Q01814;H0Y7S3;Q01814-6;Q01814-8;Q01814-5;Q01814-2;Q01814-4;Q01814-7;Q01814-3;F8W1V5;H0YHH6
EIF2S2,P20042
RAB4A,P20338
RAB6A,P20340;H7BYW1
M6PR,P20645;F5H4U1;F5GXE0;H0YGE9;F5GXU0;H0YGT2;F5H883;H0YF90
COX5A,P20674;H3BRM5;H3BV69;H3BNX8
LMNB1,P20700;E9PBF6
ATP6V1B2,P21281;H0YC04;H0YAT8;E5RGH6;P15313;C9JL73;C9JZ02;C9J5E3;C9JNS9
FLNA,P21333;Q5HY54;P21333-2;E9PHF0;F8WE98;H0Y5C6;H0Y5F3;H7C2E7
VDAC1,P21796;C9JI87
SDHB,P21912
BCKDHB,P21953;Q5T2J3
COMT,P21964;P21964-2;E7EMS6;F8WBW9;E7EUU8
MUT,P22033
OSBP,P22059;H0YCV6
GART,P22102;F8WD69;P22102-2;C9JBJ1;C9JTV6;C9JZG2;C9JKQ7;B4DJ93;H7C366
SCP2,P22307;P22307-7;P22307-8;P22307-4;P22307-6;P22307-2;H0YF61;P22307-3;E9PLD1;H0YCB0
NME2;NME1-NME2;NME2P1,P22392;P22392-2;Q32Q12;O60361;F6XY72;J3KPD9
HNRNPA2B1,P22626;P22626-2
UQCRC2,P22695;H3BRG4;H3BSJ9;H3BP04;H3BUE4;H3BUI9
FECH,P22830;P22830-2;K7ELX4;K7EJX5;K7EPN2;K7EKP7
SFPQ,P23246;P23246-2;H0Y9K7
TUBG1;TUBG2,P23258;Q9NRH3;K7EIS0;K7EKE5
PPIB,P23284
ME2,P23368;P23368-2;Q16798;Q6TCH8;E9PCP1;B7Z6V0;E9PMB9
GLDC,P23378
RPS3,P23396;P23396-2;E9PL09;E9PPU1;F2Z2S8;H0YCJ7;H0YEU2;E9PQ96;E9PJH4;H0YF32;E9PK82;E9PQX2;E9PSF4;H0YES8;E9PJN9
AHCY,P23526;P23526-2
CFL1,P23528;G3V1A4;E9PP50;E9PK25;E9PQB7;E9PLJ3;E9PS23
ATP2B4,P23634;P23634-6;P23634-7;P23634-8;P23634-2;P23634-5;P23634-4;P23634-3
CPT2,P23786
COX7B,P24311
ATP5F1,P24539;Q5QNZ2
PRKCH,P24723;B4DJN5;G3V4Q6;G3V4H0;H0YJX3;Q02156;G3V520;G3V4L3
ACAT1,P24752;H0YEL7;G3XAB4;E9PRQ6;E9PKF3
RPS12,P25398
FAS,P25445;P25445-6
ATP5A1,P25705;P25705-2;K7ENP3;K7EK77;K7ENJ4;K7ERX7;K7EJP1;K7EQH4;K7ESA0
MSN,P26038;E9PNP4
U2AF2,P26368;P26368-2;K7ENG2
RPL13,P26373;P26373-2;J3KS98;J3QSB4;H3BUK8;H3BTH3
HMGB2,P26583;D6R9A6
PTBP1,P26599;P26599-2;P26599-3;A6NLN1;K7ES59;K7EKJ7;K7EK45;K7ELW5
TARS,P26639;P26639-2;E7ERI3;G3XAN9;A2RTX5;D6RCA5;D6R9F8;D6RDJ6;A2RTX5-2;B7ZLP8
EEF1G,P26641;B4DTG2
AK4,P27144;D3DQ64
YWHAQ,P27348;E9PG15
MARK3,P27448;P27448-3;P27448-8;P27448-4;P27448-6;P27448-2;J3KNR0;P27448-7;H0YIY6;A2SY06;H0YKP9;H0YNV4;H0YKJ3;K7EK17;K7EKG8
RPL10,P27635;B8A6G2;A6QRI9;H7C123;H7C2C5;Q96L21;H7C2U2
RPA1,P27694;I3L4R8;I3L2M5;I3L524
CALR,P27797;K7EJB9;K7EL50
NDUFS1,P28331;P28331-2;P28331-4;P28331-5;B4DJ81;P28331-3;C9JPQ5;F8WDL5
MAPK1,P28482;P28482-2;B3KR49
LAP3,P28838;P28838-2;H0Y9Q1;H0Y983
EPHA2,P29317;P54762;Q15375;Q9UF33;Q9UF33-2;J3KR66;D6RAL5;B3KTB2;Q15375-2;Q15375-4;Q06187;P29320;P54756;P54764;P29322;Q5JY90;F8W9W0;C9JXA2;B7Z6Q8;E9PG71;P54756-3;F8VP57;P54756-2
MARCKS,P29966
GNA11,P29992;O95837;K7EL62
ALDH4A1,P30038;P30038-3;P30038-2;Q5TF55
ERP29,P30040;F8VY02;F8W1G0
PRDX6,P30041
C21orf33,P30042;P30042-2;H7C1F6;H7C2G3;F2Z2Q0;H7BYH1
PRDX5,P30044;P30044-2;P30044-4;P30044-3
ATP5D,P30049
RPL12,P30050;P30050-2
ECHS1,P30084
PEBP1,P30086
PPP2R1A,P30153;F5H3X9;B3KQV6;C9J9C1;E9PH38;P30154;P30154-2;E9PPI5;E9PHZ6;P30154-5;P30154-4
PPIF,P30405;R4GN99;Q2YDB7;H0Y548
HMOX2,P30519;I3L159;I3L1F5;I3L430;I3L276;I3L4P8;I3L463;I3L1Y2
LRPAP1,P30533
SLC7A1,P30825;Q5JR49
ALDH1B1,P30837;P47895;H0Y2X5
DNAJA1,P31689;P31689-2;B7Z5C0
UQCRC1,P31930
HNRNPH3,P31942;P31942-2;B4DHY1;P31942-3;P31942-4;P31942-6;P31942-5
YWHAB,P31946-2;F8WEB6;A2IDB1
STIP1,P31948;F5H0T1;G3XAD8;F5H783;H0YGI8;F5GXD8
PRDX2,P32119;A6NIW5;P32119-2
GK;GK3P,P32189;P32189-1;P32189-4;P32189-2;Q14409;C9JLT1;A6NP46;F8WC39;F8WDA9;F8WBI8;H7C2A0;F8WF44;H7BYD2
PYCR1,P32322;E2QRB3;B4DMU0;P32322-2;J3QL24;J3KQ22;J3QR88;J3QLK9;J3QL32;J3QL23;J3QKT4;J3KTA8;J3QKT3;J3QRZ0;J3KSA9
RPL9,P32969;D6RAN4;H0Y9V9;H0Y9R4;E7ESE0
KIF5B,P33176;Q12840;O60282;E9PET8;J3KNA1;C9JWB9;O60282-2
ABCC1,P33527;I3L4X2;P33527-2;P33527-3;P33527-9;P33527-5;P33527-4;P33527-6;P33527-7;P33527-8
MCM5,P33992;B1AHB1;B1AHB2;B1AHA9
SHMT2,P34897;P34897-3;P34897-2;B4DLV4;H0YIZ0;G3V2Y4;G3V5L0;G3V4W5;G3V540;G3V2W0;G3V241;G3V3Y8;G3V4T0;G3V4X0;G3V2E4;G3V2D2
HSPA4,P34932
CTNNA1,P35221;P35221-2;F8W845;G3XAM7;P35221-3;E5RGY7;E5RJ41;E5RIC3;E5RIB1;P26232-4;P26232-6;E5RHV7;E5RGY6;E5RG03;Q9UI47;E5RJZ2;E5RIT8;E5RFM3;E5RJL0;E5RIE0;E5RGD2;H0YBB8;A6NKP0
PHB,P35232;C9JW96;E9PCW0;C9JZ20;E7ESE2;B4DY47;D6RBK0
RDX,P35241;P35241-5;P35241-4;P35241-2;H0YE16;P35241-3
RFC1,P35251;P35251-2;H0Y8U4;E0CX09;D6RAD2;H0Y9P8
RPL22,P35268;K7ERI7;K7EMH1;K7EP65;K7EKS7;K7ELC4;K7EJT5
MYH9,P35579;P35579-2;Q5BKV1;B1AH99;P12883;P13533;Q9Y623;P11055;Q9UKX3
MYH10,P35580;P35580-3;P35580-2;F8W6L6;P35580-4;E7ERA5
BSG,P35613;P35613-2;P35613-3;P35613-4;I3L192;R4GMX5;R4GN83
NUP214,P35658;P35658-2;P35658-4;P35658-3;P35658-5;H0Y837;H0YF36;E9PKD2;B7ZAV2
DEK,P35659;P35659-2;B4DFG0;D6RDA2;D6R9L5;H0Y993
ARL2,P36404;P36404-2
TRIM23,P36406;P36406-3;P36406-2
ATP5C1,P36542
ATP6V1E1,P36543;P36543-3;P36543-2;C9J8H1;Q96A05
RPL4,P36578;H3BM89;H3BTP7;H3BU31
DLST,P36957;B7Z5W8;Q86SW4;H0YJF9;G3V3F0;G3V5M3
TAGLN2,P37802
ETFB,P38117;P38117-2;M0QY67
RBMX;RBMXL1,P38159;P38159-2;H3BT71;H0Y6E7;Q96E39;B3KRG5;H3BUY5;H3BR27;P38159-3;O75526;H3BNC1;Q8N7X1
GGCX,P38435;P38435-2;F8WDU9
HSPA9,P38646;H0Y8S0;D6RJI2;H0YBG6;D6RA73
EIF4A3,P38919;I3L3H2
RPS19,P39019;M0R2L9;M0QXK4;M0QYF7;M0R140
RPL3,P39023;G5E9G0;H7C422;B5MCW2;H7C3M2;F8WCR1;Q92901
DDOST,P39656;E7EWT1;U3KQ84
FEN1,P39748;P39748-2;F5H1Y3
CCT6A,P40227;B4DPJ8;P40227-2;Q92526;Q92526-2;Q92526-3;J3KRI6
RPL13A,P40429;M0QYS1;Q6NVV1;M0QZU1
MDH2,P40926;G3XAL0;E9PDB2
HADHA,P40939;H0YFD6;B4DYP2
EIF2S3;EIF2S3L,P41091;Q2VIR3;Q2VIR3-2;F8W810;H7BZU1
BUD31,P41223;C9JCD9;C9JNV2
GARS,P41250;H7C443;F8WCK4
SLC19A1,P41440;P41440-2;P41440-3;H3BTQ3;E9PIL5;C9J8K6;C9JKP4
PRKCI,P41743;Q05513;E9PBE1;Q05513-2;Q05513-3
ECI1;DCI,P42126;P42126-2;Q96DC0;H3BS70
TMPO,P42166
TMPO,P42167;G5E972;P42167-2;H0YJH7;A2T926
MTOR,P42345;B1AKP8
RPS27,P42677;Q5T4L4;C9J1C5
LRPPRC,P42704;B8ZZ38;C9JCA9;H7C3W8
ACAA2,P42765;K7EME0;K7EJB1;K7EJ68;K7ER88
RPL35,P42766;F2Z388
PRCP,P42785;E9PQB5;E9PL85;E9PQN3;E9PKN6;E9PIG4;B7Z7Q6;P42785-2;E9PNF7
MSH2,P43246-2;P43246;E9PHA6;C9J809
GPD2,P43304;F8W6E4;P43304-2;F5GYK7;E7EM56
RANBP1,P43487;C9JJ34;C9JXG8;C9JDM3;C9JGV6;C9JIC6;H7C137;B3KUP2
NAMPT;NAMPTL,P43490;Q5SYT8;F5H246
TSFM,P43897;P43897-2;F8W6R3;C9JT21;C9JG32;F8VPA7;P43897-4;F8VS27;P43897-3;F8WCK2
VDAC2,P45880;P45880-2;P45880-1;Q5JSD2;Q5JSD1;B4DKM5;A2A3S1
ACADSB,P45954;B4DQ51;H0Y6T4
MKI67,P46013-2
RANGAP1,P46060;F8W7I9;H0Y4Q3;B0QYT6;B0QYT5;B0QYT4
NOP2,P46087;P46087-4;P46087-2;P46087-3;F5GWB7;F5H709;F5H5X6;F5GYR3;F5H359;F5H8G6
MTIF2,P46199;H7C213
RPL27A,P46776;E9PJD9;E9PLL6;E9PLX7;H0YF34
RPL5,P46777;Q5T7N0
RPL21,P46778;G3V1B3;M0R181
RPL28,P46779;P46779-2;P46779-3;H0YKD8;P46779-4;P46779-5;H0YMF4;H0YLP6
RPS9,P46781;B5MCT8;C9JM19;F2Z3C0;A8MXK4
RPS10;RPS10P5,P46783;F6U211;S4R435;Q9NQ39
MAP1B,P46821;D6RA32;D6RA40;D6RGJ3;D6RCL2;P78559;P78559-2;J3KPX8;E9PGC8
UTRN,P46939;P46939-2;Q5T097;H0Y337;Q5JT45;Q5JT44;Q5T098;Q5SYY2;Q5JT49
IQGAP1,P46940;H0YLE8
STT3A,P46977;E9PNQ1;E9PIJ8;E9PN73;E9PI32;H0YET6
CAPZB,P47756-2;P47756;B1AK87;B1AK88;B1AK85;F6USW4;F6Q0E3
EIF1AX;EIF1AY,P47813;O14602;A6NJH9
RPL29,P47914;F8WF43;C9IYI4
UQCRFS1;UQCRFS1P1,P47985;P0C7P4
ATP5O,P48047;H7C086;H7C0C1;H7C068
ARCN1,P48444;B0YIW6;P48444-2;E9PK34
LSS,P48449;P48449-3;P48449-2;C9J315;H7C3A5
CCT5,P48643;E7ENZ3;B7ZAR1;E9PCA1;B4DYD8;H0Y914;D6RIZ7
PTDSS1,P48651;Q9BUQ5;B4DE85;J3KNR6
IDH2,P48735;B4DFL2;B4DSZ6;H0YL11
MARCKSL1,P49006
CAMLG,P49069;D6RIW3
ALDH9A1,P49189;B4DXY7
RPL34,P49207
RPIA,P49247
LMAN1,P49257
FASN,P49327
CCT3,P49368;B4DUR8;P49368-2;Q5SZX6;E9PRC8;E9PQ35;Q5SZW8;E9PM09;Q5SZX9
MRPL19,P49406;S4R3W9;S4R455;H7C2J0
TUFM,P49411;H3BNU3
ALDH7A1,P49419;P49419-2;F8VS02;P49419-4;P49419-3;H0YHM6;F8VVF2;F8WDY6;F8WD33
SRP9,P49458;E9PE20;P49458-2
HARS2,P49590;B4DDY8;C9JV49;E9PG66;C9JHI8;D6RJE6;B4DQ67;D6RB22;B3KWE1;C9JWK3
ACADVL,P49748;P49748-3;P49748-2;J3QRJ8;G3V1M7;K7EMF8;J3QKU9;K7EJW8;K7EQP4
TMED10,P49755;G3V2K7
NUMB,P49757;P49757-3;P49757-2;P49757-4;B1P2N8;B1P2N7;P49757-6;P49757-5;G3V3Z8;G3V3M5;G3V3R1;Q9Y6R0;M0R0Q4;M0QZV7;M0QXQ4;M0QYC2
RANBP2,P49792;O14715;Q99666;J3KQ37;Q99666-2;F8W705;C9J1W9;C9JF75;H0YBN8;F8WBP7;Q08752
GSK3B,P49841;P49841-2
LIG3,P49916;P49916-2;K7ERZ5;K7ENR9;K7EJR4
PPOX,P50336;F5GZT7;H0YFP3;B4DQQ7;F5H1I5;F5H825;H0YFE1
EMD,P50402;Q5HY57;F8WEQ1
SERPINH1,P50454;E9PPV6;E9PR70;E9PNX1;E9PK86;E9PMI5;E9PKH2;E9PIG2;E9PRS3;E9PJH8;E9PQ34;E9PLA6;H0YEP8
ST13;ST13P4;ST13P5,P50502;H7C3I1;F6VDH7;Q8IZP2;Q8NFI4;F8WAQ7
DNM2,P50570;P50570-5;P50570-4;P50570-3;P50570-2;F5H4R9;Q9UQ16;Q9UQ16-3;Q9UQ16-4;K7EMQ3;E5RHK8;Q9UQ16-2;Q05193;Q6P2G1;Q05193-5;Q05193-3;Q05193-4;Q05193-2;E5RIK2;K7EPK9
RPL14,P50914;E7EPB3
CCT8,P50990;B4DEM7;B4DQH4;H7C4C8;H7C2U0
CCT4,P50991;P50991-2;B7Z9L0;B7Z2F4
FXR1,P51114;P51114-2;B4DXZ6;E9PFF5;P51114-3;E7EU85;C9JAJ4;C9JYQ6;C9JZE0;C9JY20;H7C4S4
FXR2,P51116;I3L1Z2
RAB5C,P51148;P51148-2;K7ENY4;K7ERI8;K7ERQ8;F8VVK3;K7EIP6
RAB7A,P51149;C9J592;C9J8S3;C9IZZ0;C9J4V0;C9J4S4;C9J7D1
RAB9A,P51151;Q9NP90
RAB13,P51153
DAP3,P51398;P51398-2;P51398-3
SSR4,P51571;H7C1C6;A6NLM8
BCAP31,P51572-2;P51572;C9JSP1;C9JQ75;C9J0M4;C9JMD7;C9JM14
HSD17B4,P51659;E7EWE5;P51659-3;P51659-2;E7ER27;G5E9S2;E7ET17;E7EPL9
VAMP7,P51809;P51809-3;P51809-2
HNRNPA3,P51991;P51991-2
HNRNPM,P52272;P52272-2;M0R2T0;M0R019;M0R2I7;M0QYQ7;M0R0N3;M0R0Y6;M0QY96;M0QYL3
KPNA2,P52292;J3QLL0;J3KS65;J3QL07
SLC7A2,P52569;P52569-2;P52569-3
HNRNPF,P52597
KIF11,P52732
CAPZA1,P52907
NUP98,P52948;P52948-2;P52948-6;P52948-5;J3KP29;H7C3P6;P52948-4;P52948-3;H0YCT1;H0YCR0;H0YEN4
SLC25A1,P53007;B4DP62
SUCLG1,P53597;H7C233
COPB1,P53618;E9PP73;E9PP63;E9PKQ1
COPA,P53621;P53621-2
SLC16A1,P53985;Q5T8R5;Q49A45;Q5T8R3
SUB1,P53999;D6RC37;D6R970
POLG,P54098;H0YD36;H0YCV2;H0YCD2;H0YDF1;H0YE43
RARS,P54136;P54136-2;F5H3T8;E5RH09;E5RJM9
YARS,P54577
ATP1B3,P54709;C9JA36;B7Z1N7;C9JXZ1;C9J6S2;H7C4L9;H7C547;F8WBY4
ALDH18A1,P54886;P54886-2
NAPA,P54920;M0R2M1;M0R0Y2;M0R058;M0R0I4;M0R027;M0R213;Q9H115;Q4G0M0;B4DK44
SLC12A2,P55011;P55011-3;G3XAL9
VCP,P55072;C9JUP7;C9IZA5;E7EQM8
MFAP1,P55081
HADHB,P55084;B4E2W0;B5MD38;F5GZQ3;C9JEY0;C9JE81;C9K0M0
NHP2L1,P55769;B1AHD1
OXCT1,P55809;E9PDW2;B7Z528;Q9BYC2
EIF3B,P55884;P55884-2;C9JZG1;C9JQN7
ATP5J2,P56134;P56134-3
NDUFV3,P56181-2;P56181
RRP1,P56182;D6RE82
MARS,P56192;B3KVK7;A6NC17;H0YIP0;H0YHV5;H0YIC2;H0YHL6;H0YI94;H0YI27;F5H2V6
MAZ,P56270-2;P56270;I3L2Z5;P56270-3;H3BQS2;H3BQI4;H3BQD6;I3L0M3;I3L4Y2;Q14119;I3L411;H3BPU3;J3QSH4;Q9HBE1;Q9HBE1-4;I3L0V8;Q9HBE1-2;Q9HBE1-3
MP68;C14orf2,P56378;P56378-2;G3V556
ATP5E;ATP5EP2,P56381;Q5VTU8
ATP5I,P56385
EIF6,P56537;B7ZBH1;P56537-2;F8WD20;F8WDS6
NDUFA6,P56556;R4GN43
STX17,P56962;E9PJW1;E9PQU9;E9PJV6;E9PIC2
NUP107,P57740;B4DZ67;Q6PJE1;H0YG15;G3V1T4
YBEY,P58557;P58557-4;P58557-3;P58557-2
TPI1,P60174;P60174-1;P60174-4;U3KPZ0;U3KQF3;U3KPS5
EIF3E,P60228;E5RIT4;H0YBR5;E5RGA2
SEC61B,P60468;S4R3B5
ACTB,P60709;G5E9R0;E7EVS6;C9JZR7;C9JTX5
EIF4A1,P60842;J3KT12;P60842-2;J3KTB5;J3QS69;J3QL43;J3QLN6;J3KS25;J3QR64;J3QKZ9;J3KTN0;J3KS93;J3QL52
RPS20,P60866;P60866-2;E5RJX2;G3XAN0;E5RIP1
PRPS1,P60891;B1ALA9;B4DNL6;B1ALA7
S100A10,P60903
CDC42,P60953;P60953-1;E7ETU3;Q5JYX0;Q9H4E5;F8WET9;B1AH79;G3V4H1;G3V476;Q9H4E5-2
DSTN,P60981;P60981-2;F6RFD5
RAB8A,P61006;B4DEK7;H0YMN7;H0YLJ8;H0YL94;Q96E17;M0R257
SPCS3,P61009
RAB2A,P61019;P61019-2;E9PKL7;H7C125;H0YD31
RAB5B,P61020;P61020-2
RAB10,P61026
RAB14,P61106
ACTR3,P61158;F5H3P5;B4DXW1;Q9P1U1;F8WEW2;F8WE84;Q9P1U1-2
ACTR1A,P61163;R4GMT0;F5H3I4;B4DXP9;P42025
ARF3;ARF1,P61204;P84077;B7ZB63;F5H423;F5H0C7;H0YGG7;F5H1V1;F5H6T5;F8WDB3
ABCE1,P61221;D6R9I9;D6RGF4;H0Y990
RAP1B,P61224;P61224-3;A6NIZ1;P61224-2;P61224-4;E7ESV4;F5H7Y6;B7ZB78;F5GX62;F5H823;F5GZG1;F5H004;F5H6R7;F5GYB5;F5H0B7;F5H500;F5H4H0;F5GYH7;F5H077;F5GWU8;F5H491;F8WBC0
RAP2B,P61225
RPS3A,P61247;D6RAT0;H0Y9Y4;D6RG13;F5H4F9;E9PFI5;H0Y8L7;D6RB09;D6R9B6;D6RAS7;D6RI02;D6RED7;D6RGE0
RPL26;KRBA2;RPL26L1,P61254;J3QRI7;J3QQQ9;J3QQV1;E5RIT6;J3QRC4;J3KTJ8;J3KSS0;E5RHH1;J3KS10
RPL15,P61313;E7EQV9;E7ENU7;E7EX53;P61313-2;E7ERA2
RPL27,P61353;K7ELC7;K7EQQ9;K7ERY7
RPL37A,P61513;C9J4Z3;Q6P4E4;E9PEL3;G5E9R3;M0R0A1;M0R2L6;A6NKH3
RHOA,P61586;C9JNR4;C9JX21;Q5JR07;Q5JR05;C9J1T2;C9JRM1;Q5JR06;U3KQA9;U3KQV3;E9PLA2
HSPE1,P61604;B8ZZL8;B8ZZ54;S4R3N1
RPL37,P61927;D6RG19;D6R9X9
WDR5,P61964
HNRNPK,P61978;P61978-2;P61978-3;Q5T6W5;Q5T6W2;Q5T6W1;S4R359;S4R457
YWHAG,P61981
TIMM10,P62072
RPS7,P62081;B5MCP9
RPS8,P62241;Q5JR95
RPS16,P62249;M0R210;M0R3H0;M0R1M5;Q6IPX4;M0QX76
YWHAE,P62258;P62258-2;B4DJF2;I3L3T1;K7EIT4;K7EM20;I3L0W5
RPS14,P62263;H0YB22;E5RH77
RPS23,P62266;D6RD47;D6RDJ2;D6RIX0;D6R9I7
RPS18,P62269;J3JS69
RPS29,P62273;P62273-2
RPS13,P62277;E9PS50;J3KMX5
RPS11,P62280;M0QZC5;M0R1H6;M0R1H5
SNRPF,P62306
SNRPD1,P62314;J3QLR7;J3QLI9
ARF6,P62330
RPL7A,P62424;Q5T8U2;Q5T8U3
RAB11A,P62491;B4DQU5;H3BN38
ETF1,P62495;Q96CG1;B7Z7P8;I3L492;D6RCB3
RPS4X,P62701;Q8TD47;A6NH36;P22090;C9JEH7
RHOB,P62745
RPL23A,P62750;H7BY10;K7ERT8;A8MUS3;K7EJV9;K7EMA7
RPS6,P62753;A2A3R5;A2A3R7
HIST1H4A,P62805
RAB1A,P62820;B7Z8M7;E7END7;P62820-2;P62820-3;E7ETK2
RPL23,P62829;J3KT29;J3KTJ3;C9JD32;B9ZVP7;J3QQT9
RAP1A,P62834
RPS25,P62851;E9PQK3;E9PK60
RPS26;RPS26P11,P62854;Q5JNZ5
RPS28,P62857
GNB1,P62873;F6UT28;B1AKQ8;F6X3N5;P16520;F5H8J8;F5H100;F5H0S8;E9PCP0;F5GZN8
GNB2,P62879;C9JIS1;C9JXA5;C9JZN1;E7EP32;B3KPU1
RPL30,P62888;E5RI99;E5RJH3
RPL31,P62899;H7C2W9;C9JU56;B7Z4E3;P62899-3;P62899-2;B7Z4C8;B8ZZK4
RPL10A,P62906
RPL11,P62913;Q5VVC8;Q5VVC9
RPL11,P62913-2
RPL8,P62917;E9PKZ0;G3V1A1;E9PKU4;E9PP36
PPIA,P62937;F8WE65;C9J5S7;Q567Q0;Q9Y536;F5H284;A2BFH1;E5RIZ5
RPS27A;UBB;UBC,P62979;P0CG47;J3QS39;J3QTR3;F5H6Q2;F5GYU3;F5H2Z3;F5H265;B4DV12;F5H388;F5H747;F5GXK7;J3QKN0;Q96C32;F5H041;P0CG48;M0R1V7;J3QLP7;J3QRK5;J3QSA3;F5GZ39;K7EMA8;J3KSM4
TRA2B,P62995;P62995-3;H7BXF3;H7C2L4;P62995-2
RAC1;RAC2,P63000;P63000-2;P15153;B1AH77;B1AH78;B1AH80
AP2B1,P63010;P63010-2;P63010-3;K7EJT8;K7ERB2;K7EN71;K7ERE4;K7EKZ5;K7EJX1;K7EJ01;H7C034
GNAS,P63092;P63092-4;Q5JWF2;S4R3E3;S4R379;Q5JWD1;Q5JWE9;S4R301;S4R3V9;S4R3F1;S4R330;H0Y7E8;S4R391;S4R3W4
GNAS,P63092-3;S4R3F3;H0Y7F4;P38405;P38405-2
YWHAZ,P63104;E7EX29;E7ESK7;B0AZS6;P63104-2;E5RIR4;E9PD24;E7EVZ2;B7Z2E6;H0YB80;E5RGE1
PPP2R2A;PPP2R2B,P63151;P63151-2;Q00005;Q00005-2;E5RIY1;Q00005-6;Q00005-3;Q00005-4;Q00005-5;Q00005-7;Q9Y2T4;Q66LE6;E5RFR9;Q9Y2T4-3;Q9Y2T4-4;Q9Y2T4-2
DYNLL1,P63167;F8VXL2;F8VRV5;Q96FJ2;F8VXI7
RPL38,P63173;J3KT73;J3QL01;J3KSP2
GNG5,P63218
RPS21,P63220;Q8WVC2;Q9BYK1
EIF5A;EIF5AL1;EIF5A2,P63241;I3L397;P63241-2;I3L504;Q6IS14;Q9GZV4;F8WCJ1;C9J7B5;C9J4W5
GNB2L1,P63244;J3KPE3;D6RHH4;D6RAC2;H0Y8W2;H0YAF8;H0YAM7;D6REE5;D6RFX4;D6R9Z1;D6R9L0;D6RBD0;D6RAU2;E9PD14;D6RFZ9;H0Y8R5;D6RF23;D6RGK8;H0Y9P0;D6R909;D6RHJ5;D6RDI0
ACTG1;ACTA1,P63261;I3L3I0;I3L1U9;Q5T8M7;I3L4N8;Q6S8J3;K7EM38;I3L3R2;J3KT65;A5A3E0;C9JUM1;P0CG38;P0CG39;Q9BYX7;F8WCH0
YBX1,P67809;H0Y449;Q9Y2T7;C9J5V9
ACTA1;ACTC1;ACTG2;ACTA2,P68133;P68032;P63267;P62736;Q5T8M8;A6NL76;P63267-2;C9JFL5;F6UVQ4;F6QUT6;F8WB63;B8ZZJ2
EEF1A1;EEF1A1P5;EEF1A2,P68104;Q5VTE0;Q05639;Q5JR01;A6PW80
TUBA1B;TUBA4A,P68363;P68366;A8MUB1;F8VVB9;C9JDS9;A6NHL2-2;A6NHL2
TUBB4B;TUBB4A,P68371;P04350;M0R2D3;G3V2A3;M0R0X0;M0QY85;M0QY37;M0QX14;M0R042;M0QZL7;M0QYM7;M0R278;M0R2T4
CCT2,P78371;F5GWF6;P78371-2;F8VQ14
RAE1,P78406;E9PQ57;E9PPG9;B0QZ37;B0QZ36
PRKDC,P78527;E7EUY0;P78527-2;F5GX40
NUCB2,P80303;P80303-2;E9PKG6;J3KQU0;E9PLR0;E9PLE9;E9PM22;E9PJP3;H0YD18;H0YEG8
BASP1,P80723;P80723-2;U3KQP0
DCD,P81605;P81605-2
TMF1,P82094;P82094-2;F8WF45
MRPS25,P82663;E7EPW2;B4DFJ5;B4DQG6
MRPS35,P82673;P82673-2;H0YG82
MRPS5,P82675;P82675-2
MRPS36,P82909;D6R941
MRPS11,P82912;P82912-2;H0YL99;P82912-3
MRPS15,P82914
MRPS21,P82921
MRPS6,P82932
MRPS9,P82933
RPL24,P83731;C9JNW5;C9JXB8
ERH,P84090;G3V279
RHOG,P84095
EFNB1,P98172
TFAM,Q00059;Q00059-2;H7BYN3
SLC25A3,Q00325-2;Q00325;F8VVM2;F8VWQ0;F8VZL5;F8VWR4
HDLBP,Q00341;H0Y394;Q00341-2;H7C0A4;C9JZI8;C9J5E5;C9JIZ1;H7BZC3;H7C2D1;C9JHS9;C9J739;C9JMQ6;C9JQ82;C9JBS3;C9JEJ8;C9JKQ5;C9JHN6;C9JT62;C9JHS7;C9JK79;C9JHZ8;C9JES8
CDC42EP1,Q00587;Q00587-2;B0QYC6;B0QYC7;B0QYC8
CLTC,Q00610;Q00610-2;J3KS13;P53675;P53675-2;J3KR87;K7EJJ5;J3KSQ2;J3QL20;J3KRF5;F5H5N6
FKBP3,Q00688;G3V5F2
REEP5,Q00765;E2QRG8;B7Z332;B7Z510;B7Z681;H0Y8J8
HNRNPU,Q00839-2;Q00839;Q5RI18
U2AF1;U2AF1L4,Q01081;Q01081-2;Q8WU68;Q8WU68-3;M0QYK5;Q01081-3;M0R2N4;Q01081-4;Q8WU68-2;K7EPL9;K7EJH3;K7EJM7
SPTBN1,Q01082;Q01082-3;Q01082-2;F8W6C1
SET,Q01105;Q01105-2;Q01105-3;Q01105-4
CAP1,Q01518;Q01518-2;Q5T0R7;Q5T0R6;Q5T0R5;Q5T0R4;Q5T0R3;Q5T0R2;Q5T0R1;Q5T0R9;Q5T0R8;Q5T0S3;P40123;B7Z214;B7Z385;B7Z1C4;E9PDI2
SLC7A5,Q01650;Q92536;H0YJ95;G3V4Z6;Q9UM01
PFKP,Q01813;Q01813-2;B1APP8;B1APP6;H0Y757;Q5VSR5;Q5VSR6
FKBP4,Q02790;H0YFG2
NUCB1,Q02818;C9JKZ2;H7BZI1;C9JBD3;C9J3C1
RPL6,Q02878;F8VZ45;U3KQR5;F8VZA3;F8VWR1;F8VU16;F8VR69
AKAP12,Q02952;Q02952-3;Q02952-2
SLC25A11,Q02978;I3L1P8;Q02978-2
CAV1,Q03135;E9PCT5;P56539
LMNB2,Q03252;J9JID7
TAP2,Q03519;Q03519-2;E7ENX8
SSBP1,Q04837;E7EUY5;C9K0U8;C9J8J0
PRKCD,Q05655;Q05655-2;C9K0E3;C9JZU8;C9J9P1;B4DF52
COL14A1,Q05707;Q05707-2;Q05707-3;J3QT83;Q4G0W3
FMR1,Q06787;Q06787-5;Q06787-3;Q06787-8;G8JL90;G8JLE9;Q8IXW7
PRDX1,Q06830
C1QBP,Q07021;I3L3Q7;I3L3B0
CKAP4,Q07065;Q96K21;Q96K21-3;H3BUW6;H3BN64;Q96K21-4;H3BRM1;H3BRF9;Q96K21-2
KHDRBS1,Q07666;Q07666-3;Q07666-2;Q5VWX1
SRSF4,Q08170
DHX9,Q08211;Q08211-2
CRYZ,Q08257;Q08257-3;A6NP24;Q08257-2;C9JH92
GOLGA3,Q08378;Q08378-2;Q08378-4
GOLGA2,Q08379;Q08379-2;B7ZC06;H0Y7B8;A8MZ06;Q9H5Y0-2;Q9H5Y0;Q8NCE8;REV__Q5SY18;REV__O94827-4;REV__O94827-5;REV__O94827-3;REV__O94827;REV__O94827-7;REV__O94827-2;REV__O94827-6
NSUN2,Q08J23;Q08J23-2;Q08J23-3
RBBP4,Q09028;Q09028-3;Q09028-2;Q09028-4;H0YF10;E9PNS2;E9PIC4;E9PNS6;H0YEU5;B4DRT0;H0YCT5;H0YDK2;C9JAJ9;Q5JP02
AHNAK,Q09666;E9PQE3;E9PJZ0;E9PKR9;E9PJC6;E9PLK4;Q09666-2
MGAT2,Q10469
GALNT2,Q10471;G3V1S6;B7Z8V8
PMPCA,Q10713;B4DKL3;Q5SXN0;Q5SXN9
KIF1A,Q12756;Q12756-3;Q12756-2;F8W8V9;O60333;O43896;O60333-3;H7C0K6;H7C3Y8;O60333-2;O60333-4
ASPH,Q12797;Q12797-10;E5RHK2;E5RHJ2;E5RJL3;Q12797-7;Q12797-6;Q12797-2;E5RG56
AIMP1,Q12904;Q12904-2;D6R937
ILF3,Q12906-7;Q12906;Q12906-4;Q12906-6;Q12906-5;Q12906-2;Q12906-3;K7EKJ9;K7EQR9;K7ERM6;K7ENK6;K7EM82;K7EJ09;K7ER69;K7ELV3
LMAN2,Q12907;D6RBV2;D6RIU4;D6RDX1;D6RBH1
PTPN13,Q12923;Q12923-3;Q12923-4;Q12923-2
DLG1,Q12959-2;Q12959-4;Q12959;Q12959-5;Q12959-3;Q12959-6;Q12959-7;Q12959-8;Q12959-9;E7EQD7;H7C166;B4E2H8;Q15700;P78352;Q15700-4;Q15700-3;C9J110;F2Z2L0;C9IYP1;C9JUA9;C9JN61;H7C325;C9JCP6;A8MUT6;Q15700-5;B5MCC5;F5H5P1;P78352-3;P78352-2;B7Z264;E9PIW2;B7Z2T4;E9PN83;Q15700-2
BNIP1,Q12981;Q12981-1;Q12981-3;Q12981-2
ECH1,Q13011;M0R248;M0QZW4;M0QXS7;M0R280;M0R1A2
MRPL28,Q13084;Q4TT38;A2IDC6;A2IDC7;Q4TT37
PRKAA1;PRKAA2,Q13131;Q13131-2;P54646;Q96E92
PPFIA1,Q13136;Q13136-2;H0YDW2;E9PJZ7;O75334;H0YEF9;H0YHK3;O75334-6;O75334-5;O75334-2;J3KNM3;O75334-4;G3V200;O75334-3;H0YD72;H0YH95;O75145;H0YIJ4;H0YHJ4;F8VYK7;O75334-8;O75334-7;J3KQI5;M0QZB5;B1N949;O75145-2;B1APN9
HNRNPA0,Q13151
AIMP2,Q13155;A8MU58;F8W950
PRDX4,Q13162;H7C3T4;A6NG45
CBX3,Q13185;S4R2Y4;B8ZZ43;C9JMM0
STX5,Q13190;Q13190-2;F8W8Q9;Q13190-3;E9PNU4;B4DKR0;H7C3X5;E9PP18;E9PRW9;H0YEJ8
DNAJC3,Q13217
SRSF9,Q13242;H0YIB4;S4R3G0
SRSF6,Q13247;Q13247-3;Q13247-2;B4DJK0;B4DUA4;F6T1J1
TRIM28,Q13263;Q13263-2;M0R3C0;M0R0K9;M0R2I3
G3BP1;DKFZp313K0921,Q13283;E5RI46;E5RIF8;E5RH42;Q5HYE9;E5RIZ6;E5RJU8;E5RH00;F5H4D6
PTK7,Q13308;Q13308-2;Q13308-6;Q13308-3;Q13308-4;Q13308-5;C9JQR6;H0Y8F1;Q86X91;C9J9E8;F8WDG7;H7C5L0
PABPC4,Q13310-3;Q13310-2;Q13310;B1ANR0;H0Y5F5;H0YEU6;H0YEQ8;B1ANR1;H0YCC8;H0Y6X6;P0CB38;J3KTH5
EIF3I,Q13347;Q5TFK1
MRPL49,Q13405;H0YDP7;E9PNF1;E9PI78
NNT,Q13423;E9PCX7;D6RHU2;D6RAI5;H0Y8P5;D6RCR6
SNTB2,Q13425;Q13425-2;H0YCS0;J3KT21;H7BY41;Q13424
SF3B2,Q13435;E9PPJ0;E9PJ04;H0YCG1;E9PJT3;E9PIL8;H0YEX5
PICALM,Q13492;Q13492-2;Q13492-5;Q13492-3;H0YEF7;Q13492-4;E9PJT1;E9PK13;H0YCY1;H0YEH1;H0YD48;H0YE97;E9PKP6;E9PI56;E9PLJ8;H0YEY8
IQGAP2,Q13576;E7EWC2;D6R939;Q13576-2;J3KR91;F5H7S7;E9PDT6;D6RDK8;H0YA28;D6RGC6
STIM1,Q13586;E9PNJ4;H0YDB2;E9PQJ4
TRA2A,Q13595;B4DQI6;B4DUA9;Q13595-2;F8WEH2
PEX6,Q13608;Q8WYQ0
FHL1,Q13642-1;Q5JXI8;Q13642;Q5JXH8;Q5JXH7;Q5JXI3;Q13642-3;Q5JXH9;Q5JXI0
MOGS,Q13724;Q13724-2;C9J8D4;C9JDQ1;B8ZZE2;B4E3B8
PMAIP1,Q13794;Q8N589
ARFRP1,Q13795;Q13795-2;H0Y2L5
SPTAN1,Q13813;Q13813-2;A6NG51;Q13813-3
SNTB1,Q13884;Q13884-2
CUX1,Q13948-2;Q13948;P39880-9;Q13948-9;Q13948-10;P39880-3;P39880;P39880-6;P39880-4;P39880-5;P39880-2;H0YMK9
CKAP5,Q14008;Q14008-2;Q14008-3;E9PQH5;H0YDX5
HNRNPD,Q14103;Q14103-3;H0Y8G5;D6RAF8;H0YA96;Q14103-4;B4DTC3;Q14103-2;D6RF44;D6RD83;D6RBQ9;F5H6R6
SCARB2,Q14108;Q14108-2;D6RDG0
DSG2,Q14126;J3KSI6
SCRIB,Q14160;Q14160-3;Q14160-2;H0YCG0;H0YDF9
MLEC,Q14165;F5H1S8;F5GX14;H0YG07
DYNC1H1,Q14204;H0YJ21
MAP7,Q14244;Q14244-3;Q14244-2;Q14244-6;Q14244-7;Q14244-5;Q14244-4
CTTN,Q14247;Q14247-3;Q14247-2;H7C314;E9PKG3;E9PP90;B4E358;H0YCD9
FLOT2,Q14254;E7EMK3;J3QLD9;K7EKW9
CAPRIN1,Q14444;Q14444-2;E9PP31;E9PLA9;G3V153
PDIA5,Q14554;Q9BV43
ITPR2,Q14571;Q14571-2;H7C2X9
ITPR3,Q14573
CLINT1,Q14677;Q14677-3;Q14677-2;H0YD52;P51826;H0YDU9;P51826-2
SMC1A,Q14683;G8JLG1;H0Y7K8
RRP1B,Q14684;Q14684-2
MESDC2,Q14696
GANAB,Q14697;F5H6X6
LBR,Q14739;C9JXK0;C9JES9;H7C442;H7C108
GOLGB1,Q14789;Q14789-2;E7EU81;H0Y867;H7C5I7;REV__Q8N884-2;REV__Q8N884
RAB39A,Q14964
KPNB1,Q14974;F5H4R7;J3KTM9;B7ZAV6;J3QR48;J3QKQ5;J3KS06;J3QRG4
NOLC1,Q14978;Q14978-3;Q14978-2;Q96J17;S4R349;S4R402;S4R341;S4R3C2
NUMA1,Q14980;Q14980-2;H0YFY6;Q9BTE9;Q14980-4;Q14980-3;K4DIE0;F5H6Y5;F5H4J1
SLMAP,Q14BN4;Q14BN4-2;Q14BN4-3;Q14BN4-6;Q14BN4-7;H7C3M8;H7BZK0;Q14BN4-4;Q14BN4-5;B7Z964;H7C5G9;H7BZW9;C9JA20;Q14BN4-8;B7Z863;C9JPE6;C9JCH4
EMC2,Q15006;H0YAS9
LARS2,Q15031;E9PHM2;C9JYR8
SLC39A14,Q15043;Q15043-2;Q15043-3;E5RFZ8;E5RGA7;E5RJ40;E5RJG5;E5RIP4;E5RFT1
KARS,Q15046;Q15046-2;H3BVA8;H3BRC9;J3KRL2
EEA1,Q15075
PDK1,Q15118;E9PD65;B7Z7N6;B7Z207;F8WEJ6;C9JKT3;C9IYB4
PDK3,Q15120;Q15120-2
NOMO1,Q15155;H3BUC9
PPA1,Q15181;Q5SQT6
NONO,Q15233;Q15233-2;H7C367;C9JYS8;C9IZL7;C9J4X2
RAB35,Q15286;F5H157;Q15286-2;E9PJQ5;E9PQ07;Q96AX2;F5H7F8;A8MSP2;Q96AX2-4;A8MTC6;A8MZI4;B7Z3L0;Q96AX2-2;Q96AX2-3
RCN1,Q15293;B7Z1M1;E9PP27
LLGL1,Q15334
PCBP1,Q15365
RHEB,Q15382;C9J931;F8WBL3
TOMM20,Q15388
SF3B3,Q15393;Q15393-2;Q15393-3;J3QL37;J3QRB2;I3L4G7
SAFB,Q15424;Q15424-4;Q15424-3;Q15424-2;F5GZU3;B7Z2F6;K7EII0;K7ES42
SEC23B,Q15437;Q5QPE1;Q5QPE2
SLC9A3R2,Q15599;Q15599-2;H3BUQ9;H3BN50;Q15599-3;H3BQS0;H3BMF5
SF1,Q15637-2;Q15637-4;Q15637-6;Q15637-3;Q15637;Q15637-5;B4DX42;Q15637-7;F8WEV5
TRIP13,Q15645;Q15645-2;H0YAL2
MAPRE1,Q15691
ELAVL1,Q15717;B4DVB8;M0QZR9;Q12926;P26378;M0R055;B1AM48;Q12926-2;P26378-4;P26378-2;P26378-5;B1APY9;P26378-3;B1APY8;B1AM49
NSDHL,Q15738;C9JDR0
SLC1A5,Q15758;M0QXM4;Q15758-3;Q15758-2;M0QX44;M0R144
VAMP3,Q15836
7-Sep,Q16181;G3V1Q4;Q16181-2;E7ES33;E7EPK1;H0Y3Y4;H0YFF6;Q5JXL7;F5GZE5;Q6ZU15
PKN2,Q16513;Q16513-2;Q16513-3;B1AL79;Q16513-4;Q16513-5;H0Y5V5;H0Y429;K7EL10
DPYSL2,Q16555;Q16555-2;Q14194;Q14194-2;E9PD68;E5RFU4
OCLN,Q16625;Q16625-4;Q16625-2;Q16625-3;Q16625-5
DBN1,Q16643;Q16643-2;Q16643-3;D6R9W4;D6RFI1;D6RCR4;F8W9Z3;D6R9Q9
NDUFA5;DKFZp781K1356,Q16718;F8WAS3;H7BYD0;Q5H9R2;C9IZN5
CLPP,Q16740;M0R208;M0QYV5
TST,Q16762;B1AH48
HIST2H2AA3;HIST2H2AC,Q6FI13;Q16777
NDUFA9,Q16795;F5H0J3;H3BRM9;F5GY40
PCK2,Q16822;B4DW73;H0YML5;H0YM31;Q16822-2;H0YNG4;H0YMA5
IMMT,Q16891;Q16891-2;B9A067;Q16891-4;C9J406;Q16891-3;H7C463;D6RAW4
LEPRE1,Q32P28;Q32P28-3;H7C0D1;H7C2W6;Q32P28-2
HSDL1,Q3SXM5;Q3SXM5-2;H3BQI7;H3BT52;H3BNH5
ARL13B,Q3SXY8;Q3SXY8-2;Q3SXY8-3;B4DRI8
TIMM50,Q3ZCQ8;Q3ZCQ8-2;Q3ZCQ8-3;M0R003;M0R1Y4;M0R2F8;M0R0C3;M0R2Q2;M0R047;M0QXC3;M0R2Z3;M0R303;M0R2D2
NADK2,Q4G0N4;Q4G0N4-2;Q4G0N4-3;B7Z8V7;H0Y9H7
GXYLT1,Q4G148;Q4G148-2
ACSF3,Q4G176;F5H362;F5H755;F5H5A1;H0YGC7;F5H2G6;F5GX20;F5H3B2;H0YH37
ANO6,Q4KMQ2;Q4KMQ2-3;Q4KMQ2-2;Q4KMQ2-4
TMEM259,Q4ZIN3;Q4ZIN3-2;U3KQA0;U3KPU1;U3KPY4
AGPAT9,Q53EU6
HSD17B12,Q53GQ0;E9PI21;Q96EA9
RABL3,Q5HYI8;C9JXM3;F8WF50;F8WDC7;H7C533;F8WAX9
COQ5,Q5HYK3;F8VVW7;F8VVX6;F8VP53;B4DP72;Q5HYK3-2
MOV10,Q9HCE1;Q5JR04;Q9HCE1-2
MIA3,Q5JRA6;G8JLC6;Q5JRA6-2;H7BY50;Q5JRA6-4;Q5JRA6-3;H7C0T4
PHF6,Q8IWS0;Q8IWS0-2;Q8IWS0-4;Q5JRC6;Q8IWS0-3;B4E0G4
PITRM1,Q5JRX3;Q5JRX3-2;Q5JRX3-3;H0Y7L7;B1APQ0;H0Y4F7;B1APQ1
COA6,Q5JTJ3;Q5JTJ3-2;Q5JTJ3-3
TOR1AIP1,Q5JTV8;Q5JTV8-2;H0YD16;H0YDU3
AARS2,Q5JTZ9
DLG3,Q92796;Q92796-2;Q92796-3;Q5JUW8
TMEM230,Q96A57;Q5JWB9;Q96A57-2
UBE2NL;UBE2N,Q5JXB2;P61088;F8VSD4;F8VV71;F8VZ29;F8VQQ8
SLC27A3,Q5K4L6;Q5K4L6-2;Q5K4L6-3;H0YDP0;H7BZH4
SPECC1,Q5M775;Q5M775-2;Q5M775-5;Q5M775-3;Q5M775-4;J3KSG2;J3QQM0;J3KTI9;J3QRQ9;J3QS22;F5H2Z1;Q9BXL6;J3KRD8;J3KRB9;J3KRN9;Q9BXL6-3;E7ETJ2;I3L3F1;I3L414;Q9BXL6-2
MRPS18A,Q9NVS2;Q5QPA5;Q9NVS2-2;Q9NVS2-3
RALY,Q9UKM9;Q9UKM9-2;Q5QPL9;Q5QPM1;Q5QPM2;Q5QPM0
VARS2,Q5ST30;Q5ST30-4;Q5ST30-3;B7ZCJ6;Q5ST30-2;A2ABL6
RARS2,Q5T160;H0Y450
FKBP15,Q5T1M5;Q5T1M5-2;Q5T1M5-3
C9orf114,Q5T280
IBA57,Q5T440;G5EA38
MRPL2,Q5T653;C9IY40;C9JZW2;C9JZG7
ADCK3,Q8NI60;Q5T7A4;Q8NI60-3;Q5T7A2;Q8NI60-4;E7EVZ8;Q8NI60-2
ATAD3B,Q5T9A4;Q5T9A4-3
MNF1,Q9BRT2;Q5TAQ0;V5IRT4
MINOS1;NBL1,Q5TGZ0;Q5TGZ0-2;R4GNA1;R4GMM1
CROCC,Q5TZA2;Q5TZA2-2;B1AKD8
LYRM7,Q5U5X0;D6R994;D6RBV5
GHITM,Q9H3K2;Q5VT94
PRPF38B,Q5VTL8;Q5VTL8-2
CDKAL1,Q5VV42;Q5VV42-3
ARHGEF2,Q92974;Q92974-2;Q92974-3;Q5VY93
LRRC16A,Q5VZK9;Q5VZK9-2;Q5VZK9-3;Q5VZK9-4
QIL1;C19orf70,Q5XKP0;K7EIR2;K7EKR0
STEAP3,Q658P3;Q658P3-3;Q658P3-2;Q658P3-4;B8ZZX6
GLT8D1,Q68CQ7;C9J880;Q68CQ7-2;C9JPK4;C9JA13
LAMTOR1,Q6IAA8;F5GX19;F5H3Y3;H0YFI1;F5H479
DHRS7B,Q6IAN0;J3QKT1;J3KRS1;J3QLK1;J3QLJ8
RAB12,Q6IQ22
SLC25A24,Q6NUK1;Q6NUK1-2;J3KN42;H3BMI3
TMEM214,Q6NUQ4;Q6NUQ4-2;H7C008;H7C085;H7BZI0;H7C0H8
PTRF,Q6NZI2;Q6NZI2-2;Q6NZI2-3
RPUSD3,Q6P087;Q6P087-2;C9JM75;H7C454;H7C1H7;Q6P087-3;H7C0K7;H7C2C3
LPCAT3,Q6P1A2;F5H0M4;F5H680;F5H7K7;B7Z3N5;F5GYT3
MRPL14,Q6P1L8
SLC27A4,Q6P1M0;Q96G53
EDC4,Q6P2E9;Q6P2E9-2;I3L2F4
PRPF8,Q6P2Q9;I3L0J9
SFXN4,Q6P4A7;E9PGB5;Q6P4A7-2;Q6P4A7-3;B1AMV7
CASC4,Q6P4E1;Q6P4E1-2;Q6P4E1-4;H0YMR0;H0YM51;Q6P4E1-3
DARS2,Q6PI48;Q9H9M6
RHBDF2,Q6PJF5;Q6PJF5-2;K7EPV3;K7EKA3;K7EIY3;K7EQ53;K7EKI1
CCDC137,Q6PK04;I3L0U5;I3L4F6
LARP1,Q6PKG0;Q6PKG0-3;E5RH50;H0YC33;H0YBW1;H0YBM7;H0YC73
SLC30A9,Q6PML9;D6R9M6
SARM1,Q6SZW1;Q6SZW1-2;J3QRE0
MTHFD1L,Q6UB35;Q6UB35-2;Q5JYA3;Q5JYA4;Q5JYA8;Q4VXM0;Q4VXV2;Q4VXM1;H0Y2S0
LCLAT1,Q6UWP7;Q6UWP7-3;C9K0C3;Q6UWP7-2;C9J5S5;C9JA02;C9JMW2;C9JUV9;C9JXY8;C9J6F4
DHRS13,Q6UX07;Q6UX07-2;B4DJC5
APOOL,Q6UXV4
PTPLB,Q6Y1H2
HSDL2,Q6YN16;Q6YN16-2;B4E136;B4DWC7
NFXL1,Q6ZNB6;Q6ZNB6-2
QSOX2,Q6ZRP7;H0Y430
ACSS1,Q9NUB1;Q9NUB1-3;Q6ZV30;Q9NUB1-2;Q9NUB1-4
TMTC3,Q6ZXV5;Q6ZXV5-2;F8VRY4
ACAD11,Q709F0;F8WEV0;D6RDI8;Q709F0-2;Q709F0-3;Q08AE9
USP30,Q70CQ3;B3KUS5;F5H3L3;S4R354;S4R3D1;F5H8D3
IKBIP,Q70UQ0-4;Q70UQ0-3
HIST2H3A,Q71DI3
LARP4,Q71RC2;Q71RC2-2;Q71RC2-3;Q71RC2-4;Q96J85;Q71RC2-7;Q71RC2-5;Q71RC2-6
SND1,Q7KZF4;H7C597
COX15,Q7KZN9;Q7KZN9-2
DDX46,Q7L014;D6RJA6;H0Y9U3
TRMT10C,Q7L0Y3;C9JVB6
DHX30,Q7L2E3-2;Q7L2E3;Q7L2E3-3;H7BXY3
CYFIP1,Q7L576;Q7L576-2;Q7L576-3
LPCAT2,Q7L5N7;H3BU68;Q7L5N7-2
TAOK1,Q7L7X3;Q7L7X3-3;J3QS76;Q9H2K8;H0YF68
FASTKD5,Q7L8L6
ZC3HAV1,Q7Z2W4;Q7Z2W4-2;C9J6P4;Q7Z2W4-3;H7C5K1
MRPL21,Q7Z2W9;Q7Z2W9-2;H3BUY0;F5H7V8
MAVS,Q7Z434;Q7Z434-4;Q7Z434-5;Q7Z434-6;Q7Z434-2;Q7Z434-3
GOLGA7,Q7Z5G4;Q7Z5G4-3;Q2TAP0
MRPL55,Q7Z7F7;Q7Z7F7-2
TMED4,Q7Z7H5;Q7Z7H5-3;Q7Z7H5-2;F8W7F7
MRPL10,Q7Z7H8;Q7Z7H8-2
GLRX5,Q86SX6
ACOT1;ACOT2,Q86TX2;P49753;G3V4F2;B3KSA0;P49753-2;Q8N9L9
MTDH,Q86UE4;E5RJU9;H0YB56;H0YBJ8
AGPAT6,Q86UL3;E5RIA1;E5RHA6
KTN1,Q86UP2;Q86UP2-2;Q86UP2-3;G3V4Y7;B7Z6P3;G3V5P0;G3V5G2;H0YJZ8;H0YJP2;H0YJV5;O95049;G3V475;G3V4L8;F5H4S9;F5H2X0;O95049-4;O95049-3;O95049-2
NLRX1,Q86UT6;Q86UT6-2;C9JLK8;C9JQE9;C9J0R6
TXNDC5,Q8NBS9;Q86UY0;Q8NBS9-2
ALYREF,Q86V81;E9PB61
CAND1,Q86VP6;Q86VP6-2;O75155;O75155-2;F8WBB8;Q86VP6-3;H0YH27;F5H6I6
RPS19BP1,Q86WX3;F8WFE7
TMED7,Q9Y3B3;Q9Y3B3-2;Q86XR7-2;G3V2Y2
STX12,Q86Y82;B1AJQ6
RAB43,Q86YS6;A6NDJ8;E9PBQ0;C9JFM7
PLD3,Q8IV08;M0QZI4;M0R2W7;M0R1F7;M0R3G9;E2QRG1
MCAT,Q8IVS2;Q8IVS2-2
ZBTB8OS,Q8IWT0;Q8IWT0-2
DNAJC10,Q8IXB1;Q8IXB1-2;Q3B7W8;E7EP04;H7C1G0
RHOT2,Q8IXI1;H3BU27;H3BST5;Q8IXI1-2;I3L2C6;H3BMP9;H3BVI5;H3BUX4
RHOT1,Q8IXI2;Q8IXI2-3;Q8IXI2-4;Q8IXI2-5;Q8IXI2-2;Q8IXI2-7;H7BXZ6;J3KSX7;K7EIQ7;Q8IXI2-6;J3QLG2;K7EP86;J3KSR5
MRPL41,Q8IXM3
PNPLA6,Q8IY17;Q8IY17-2;Q8IY17-3;Q8IY17-4;Q8IY17-5;M0R2C2;Q6ZV29;M0QXH7;M0QYT1;Q6ZV29-3;Q6ZV29-4;Q5T362;Q6ZV29-5
PPAPDC2,Q8IY26
FTSJ3,Q8IY81
SUPV3L1,Q8IYB8;B1AR60
EXOC8,Q8IYI6
THNSL1,Q8IYQ7
KIAA2013,Q8IYS2;Q8IYS2-2
KATNAL2,Q8IYT4-2;Q8IYT4;K7EIJ8;K7EM02
CMTM4,Q8IZR5-3;Q8IZR5-2;Q8IZR5;J3QRP2
RBFA,Q8N0V3;Q8N0V3-2
NDUFAF2,Q8N183;D6RA56;H0YA50
NUP93,Q8N1F7;H3BVG0;Q8N1F7-2;H3BPA9;H3BRI8;H3BM93;H3BNN5;H3BV11;H3BVE2;H3BRD9;H3BP95;H3BV15;H3BMX0;H3BNG7
LRRC47,Q8N1G4
ANKRD35,Q8N283
GUF1,Q8N442
,Q8N490-2
ZADH2,Q8N4Q0;B4DZ91;J3QQQ7;J3KTQ8
SMIM20,Q8N5G0-2;Q8N5G0;E5RH91
TMEM57,Q8N5G2;Q8N5G2-2;Q8N5G2-3
CISD2,Q8N5K1;D6RCF4;I3L1N9
JAGN1,Q8N5M9
MRPL50,Q8N5N7;B7Z358
EMC1,Q8N766;Q8N766-3;Q8N766-2;Q8N766-4;Q5TG59;H7C5A2
ENAH,Q8N8S7;Q8N8S7-2;Q9UI08
MRPL43,Q8N983-4;Q8N983;Q8N983-3;H0Y6Y8;B1AL05;Q8N983-2;C9J5Q3;B1AL06;H0YBU8;M0R051
GOLM1,Q8NBJ4;Q8NBJ4-2;F8WAT9;C9JYM4;C9J941
COLGALT1,Q8NBJ5;M0QX72;M0QYH0
UBAC2,Q8NBM4;Q8NBM4-2;Q8NBM4-4;Q8NBM4-3;Q8NBM4-5
RDH13,Q8NBN7;Q8NBN7-2;G8JLA1;K7EMY5
TTC13,Q8NBP0;Q8NBP0-2;E9PGV4;E5RG15;E5RHB3;E5RJP6;H0YBV3
ATAD1,Q8NBU5;B4E2J1;Q8NBU5-2
SERBP1,Q8NC51;Q8NC51-3;Q8NC51-4;Q8NC51-2
KCT2,Q8NC54
LEMD2,Q8NC56;D6RBV0;Q8NC56-2;H7C2Z0;H0Y9B7;D6R958
NOA1,Q8NC60
CNNM3,Q8NE01;Q8NE01-2;Q8NE01-3
ABCF1,Q8NE71;Q8NE71-2;H0YGW7;Q5STZ7;F5GYK6;H0Y412
MCU,Q8NE86;Q8NE86-3;S4R468;Q8NE86-2
LPCAT1,Q8NF37
TOR1AIP2,Q8NFQ8
MOSPD2,Q8NHP6;R4GMN1;R4GMW5;Q8NHP6-2;R4GNB6
GRPEL2,Q8TAA5;D6RGI6;B4DFA6
GADD45GIP1,Q8TAE8
NUBPL,Q8TB37;B4DWB0;F8W0A2;H0YHR7;Q8TB37-2;F8VZR8;F8W061;F8VP02
GOLGA5,Q8TBA6;Q8TBA6-2;H0YK03
FAM57A,Q8TBR7;Q8TBR7-1;I3L374;I3L336;I3L0N4
RDH11,Q8TC12;Q8TC12-2;Q8TC12-3;G3V2G6;H0YJ46;H0YIZ8;G3V234;Q96NR8;H0YJ10
MRPL30,Q8TCC3;Q8TCC3-2;Q8TCC3-3;B8ZZV5
STT3B,Q8TCJ2
PNPT1,Q8TCS8;H7C3C5;H7BXF6;F8WBI3
HM13,Q8TCT9;Q8TCT9-5;Q8TCT9-2;Q8TCT9-4
GPT2,Q8TD30;Q8TD30-2;H3BU54;P24298
NUP210,Q8TEM1;Q8TEM1-2
CHPT1,Q8WUD6;Q8WUD6-2;F8W1B3
PTPMT1,Q8WUK0;Q8WUK0-2;Q8WUK0-3;E9PQM0
PDCD6IP,Q8WUM4;Q8WUM4-2;C9IZF9;F8WEQ7;F8WBR8;F8WDK9
NAT14,Q8WUY8;M0R1E3;M0QZH3
TFB1M,Q8WVM0
SCFD1,Q8WVM8;B7Z5N7;Q8WVM8-2;Q8WVM8-3;B7Z738;G3V3K9;G3V4I1;G3V5E2;G3V363;H0YJS6;G3V5F3;H0YJY1;J3KNG4;G3V2M8
FAR1,Q8WVX9;E9PNW8;E9PPB8
C2orf47,Q8WWC4;H7C0V0
CKAP2,Q8WWK9;Q8WWK9-5;Q8WWK9-4;E9PD90;C9J7Y4
BRI3BP,Q8WY22;REV__Q96PE2
DDX1,Q92499
SLC39A7,Q92504;A2AAT0
H1FX,Q92522
GBF1,Q92538
TM9SF4,Q92544
WASF1,Q92558;Q5SZK3;Q5SZK4;Q5SZK5
AP3S1,Q92572;F5H459
UBXN4,Q92575
LPGAT1,Q92604
GCN1L1,Q92616
NUP205,Q92621;U3KPX2;U3KQ97;E7ET25
MRPS31,Q92665
AKAP1,Q92667;Q92667-2;I3L2A2;I3L2N7;I3L0W0;I3L0K6;I3L364;I3L3K1;I3NI36
ARPC1A,Q92747;E9PF58;B4DLQ7
TAF15,Q92804;Q92804-2;K7EPT6;K7EKB2;K7EN07;K7ENI1;K7EL85
RAD50,Q92878;Q92878-2;Q92878-3;E7ESD9;E7EN38;E9PM98;H7C0V2;H7C0P8
GLG1,Q92896;Q92896-2;Q92896-3;H3BM42;H3BRD8;H3BQU9
UPF1,Q92900;Q92900-2
KHSRP,Q92945;M0R0I5;M0QYH3;M0QXW7;M0R3J3;M0QYG1;M0R0C6
HIST1H2AC;HIST3H2A;HIST1H2AB,Q93077;Q7L7L0;P04908
YIPF5,Q969M3;Q969M3-3;E5RGR9;E5RHH4;Q969M3-2
RPL36AL,Q969Q0
GFM2,Q969S9;Q969S9-2;Q969S9-3;Q969S9-4;Q969S9-5;D6RAL1
NCLN,Q969V3;Q969V3-2;K7EMW4;K7ELZ9;K7ENM2;K7EQ66;K7EN96
ERGIC1,Q969X5;Q969X5-2
TBRG4,Q969Z0;Q969Z0-2;C9J7P5;C9IZN7;C9J5A2;C9J347;H7C4R5;C9J618
CCDC47,Q96A33;Q96A33-2;J3QR89
MRPL24,Q96A35
EXOC4,Q96A65;B7Z321;F5GZT1;Q96A65-2;B7Z4J9
LRRC59,Q96AG4
ARL8A,Q96BM9
SELRC1,Q96BR5
PYCR2,Q96C36;J3KR12
GRAMD1A,Q96CP6;Q96CP6-2;Q96CP6-3;M0QZ12;J3KR86;S4R3I2;M0R0J9;Q3KR37;E9PRD6;Q3KR37-2;J3KNL5;E7EPH8
FAF2,Q96CS3;D6RBG6
CCDC124,Q96CT7;M0R2F5
AP2M1,Q96CW1;Q96CW1-2;E9PFW3;C9JJ47;C9JGT8;C9JJD3;H7C4C3;C9JTK4;C9JPV8
ADCK4,Q96D53;Q96D53-2;M0R001;M0R3F7;M0R011;M0R362;M0R0L2;M0QZZ2;M0R2F4;M0R307;M0R0F4;M0R340
RAB39B,Q96DA2
DNAJC19,Q96DA6;Q96DA6-2;G5E9V2;F2Z3A7
MRPL38,Q96DV4;B3KN96
MRPS24,Q96EL2
MRPL53,Q96EL3;B9A051
CCDC51,Q96ER9;Q96ER9-2;C9JSW8
SMIM12,Q96EX1;E5RH51
DNAJA3,Q96EY1;Q96EY1-2;E7ES32;I3L1T6
PTCD3,Q96EY7;Q96EY7-2;B8ZZQ4;B4DF73;F8WE76
MMAB,Q96EY8;F5H4Z7;J3KN55;S4R3P5;S4R3Z1;F5H079
EDC3,Q96F86;H3BQ37;H3BPW9;H3BTD6;H3BN89;H3BPN4
ZC2HC1A,Q96GY0;H0YAP0
MYO19,Q96H55;Q96H55-4;Q96H55-3;Q96H55-2;K7EP95;K7EJW5;K7ES03;B4DSL5;K7EMZ0
ERO1L,Q96HE7;G3V3E6;G3V5B3;G3V503
PRR11,Q96HE9;J3QR53;J3QKY4
PGAM5,Q96HS1;Q96HS1-2;F5GXG4
DDRGK1,Q96HY6;Q96HY6-2
DHTKD1,Q96HY7;H7C1J3;C9JWN1;H7C149
FUBP3,Q96I24;Q96I24-2
NARS2,Q96I59;E9PRK2;G3V178
SUCLG2,Q96I99;E9PDQ8;Q96I99-2;H0Y852
USMG5,Q96IX5
CDK5RAP3,Q96JB5;F5H3I5;Q96JB5-2;J3QQY1;Q96JB5-3;J3QL86;J3QRM1;J3QS62;J3KRI2;J3KRK4;J3KS63;J3QQS7;J3KTA5;J3QL95
TMX3,Q96JJ7;Q96JJ7-2;H3BPB3;B4DIE3;H3BT89;H3BVI1;F5H4F7
CLPTM1L,Q96KA5;Q96KA5-2;G5E9Z2
DNAJC1,Q96KC8
SNX27,Q96L92;Q96L92-3;Q96L92-2;H7C603;Q96L92-4
MBOAT7,Q96N66;Q96N66-2;Q96N66-3;H7C2M4;C9J4E9;M0R1Z5;A9C4B8
SFXN2,Q96NB2;R4GMR9;R4GN74;R4GNC2;R4GN63;R4GMW0;R4GMS6
RBM14,Q96PK6;Q96PK6-2;Q96PK6-3;Q96PK6-4;F8WDX3;B8ZZ74
VPS35,Q96QK1;I3L4S0;I3L4P4
GFM1,Q96RP9;C9IZ01;F8WAU4;C9JA25;H7C5M4
ERGIC2,Q96RQ1;H0YI50;H0YI58;F8VPA6;H0YHJ8;F8W0R1;F8VR88;F8VUZ2
MCCC1,Q96RQ3;E9PHF7;F5GYT8;E9PG35;G5E9X5;F8WDI3
PEO1,Q96RR1;Q96RR1-2;Q96RR1-3
ERBB2IP,Q96RT1;Q96RT1-7;Q96RT1-5;Q96RT1-3;Q96RT1-9;Q96RT1-2;Q96RT1-8;Q96RT1-6;Q96RT1-4;B4DIP2
PIGS,Q96S52;F5H019;Q96S52-2;K7EN97
CLCC1,Q96S66;Q96S66-3;Q96S66-2;Q96S66-4;Q5T1P5
CDK5RAP1,Q96SZ6;Q96SZ6-3;Q96SZ6-2;Q96SZ6-6;Q96SZ6-4;H0Y721;Q96SZ6-5
YME1L1,Q96TA2;Q96TA2-3;Q96TA2-2;R4GNA5;Q5T8D2;Q5T8D1
RMDN3,Q96TC7;H0YMB1;Q96TC7-2;H0YLG5;H0YNE5
SEC62,Q99442;F8WF48;F8WCJ7
SDF2,Q99470;K7ELI9
PARK7,Q99497;K7ELW0;K7EN27
VAT1,Q99536;B0AZP7;B4DPX4;K7ERT7;K7ENX2;K7EM19;K7EJM4;K7ER81;K7ESA3
PKP4,Q99569;Q99569-2;H0YFB1;E7EST6;Q9UQB3;D6R9A8;B4DRK2;E9PHB5;E7EPC8;Q9UQB3-2
PHB2,Q99623;J3KPX7;F5GY37;Q99623-2;F5GWA7;F5H3X6;F5H0C5;F5H2D2;U3KPZ5
CHP1,Q99653;H0YNG9;H0YKE7;F5GX29;H0YLX1;H0YLY7
HSD17B10,Q99714;Q99714-2;Q5H928
HNRNPAB,Q99729-3;D6R9P3;D6RD18;D6RBZ0;Q99729-2;Q99729-4;Q99729
NAPG,Q99747;B4DFC9;J3KTJ6;J3QS28;J3QKW4
MIPEP,Q99797
TM9SF2,Q99805
SLC29A1,Q99808;B3KQV7
CCT7,Q99832;Q99832-3;F5GZK5;Q99832-4;B7Z1C9;Q99832-2;F8WAM2;F8WBP8
AGPAT1,Q99943;Q9HBM8
PKP2,Q99959;Q99959-2
VRK1,Q99986;H0YJ50;H0YJJ9;H0YJF7
AKAP9,Q99996;Q99996-5;Q99996-3;Q99996-2;Q99996-6;Q99996-4;H7BYL6
DDX50,Q9BQ39
ELAC2,Q9BQ52;G5E9D5;Q9BQ52-4;E7ES68;Q9BQ52-3;Q9BQ52-2;J3QRS2;J3QL08;H7C2I4;J3QLK4
GRWD1,Q9BQ67;M0QX71
MACROD1,Q9BQ69
ECSIT,Q9BQ95;Q9BQ95-2;K7EMM0;Q9BQ95-3;J3KTF5;K7EPL5;K7EN32
C17orf62,Q9BQA9-2;Q9BQA9;J3QKZ6;H0Y2X1;J3KTI1;J3KSB6;J3KS78;J3QS53;J3QRZ2;J3QLB7;J3QKS6;J3QRG5;J3KSJ5
VKORC1,Q9BQB6;H0YD56;Q9BQB6-3;I3L3B4;F8W9H0;Q9BQB6-2;E9PLN8
MRP63,Q9BQC6
MGME1,Q9BQP7;Q5QPE7;Q5QPE8
MRPL45,Q9BRJ2;J3QSH3;J3KSS2;J3KT99
SDF4,Q9BRK5;Q9BRK5-4;Q9BRK5-3;G3V1E2;Q9BRK5-6;H0Y3T6;Q9BRK5-2;Q9BRK5-5
ADPGK,Q9BRR6;Q9BRR6-2;Q9BRR6-4;Q9BRR6-3;H3BU35;H3BRS6;Q9BRR6-5
PELO,Q9BRX2
ERP44,Q9BS26
NTPCR,Q9BSD7;Q5TDF0
C19orf52,Q9BSF4;K7ENF5
TACO1,Q9BSH4
ESYT1,Q9BSJ8;Q9BSJ8-2;F8VZB1
ALG1,Q9BT22;K7EID2;B4DP08;K7EPU3;K7EQK1
LRRC1,Q9BTT6;Q5T0G3;Q9BTT6-2
PI4K2A,Q9BTU6;E9PAM4
TMEM43,Q9BTV4
DHRS4,Q9BTZ2-8;Q9BTZ2-4;Q9BTZ2;P0CG22;Q9BTZ2-5;J3QST2;F5GWZ1;Q9BTZ2-3;H7BYG2;E2QRI3;Q9BTZ2-7;Q9BTZ2-2;H0YNP7
LMF2,Q9BU23;Q9BU23-3;Q9BU23-2
NDUFAF3,Q9BU61;Q9BU61-2
MMTAG2,Q9BU76;Q9BU76-4
TMEM70,Q9BUB7;Q9BUB7-2;E9PDY9;D4PHA6
TUBB6,Q9BUF5;K7ESM5;K7ESQ3;K7EQT3;K7EJ64;K7ERA8;K7EJZ4;K7EL29;K7EN98;K7EPE5
VAMP8,Q9BV40;B8ZZT4;C9JXZ5
TMEM109,Q9BVC6
PTDSS2,Q9BVG9;E9PS47;E9PLE4
TMED9,Q9BVK6
TIMM21,Q9BVV7;J3QRI1;J3KRJ3
ELOVL1,Q9BW60;Q9BW60-2
TARS2,Q9BW92;U3KQG0;Q9H9V2;B4DQF3;Q5T5F2;Q5T5E9;U3KQ50
SFXN3,Q9BWM7;S4R3N9
HINT2,Q9BX68
NUSAP1,Q9BXS6;Q9BXS6-2;Q9BXS6-3;Q9BXS6-5;Q9BXS6-4;Q9BXS6-6;Q9BXS6-7;E9PB35;H0YMD2
CECR5,Q9BXW7;Q9BXW7-2;A8MYZ9
CADM1,Q9BY67;Q9BY67-5;Q9BY67-4;Q9BY67-3;Q9BY67-2;F5H8J9;F5H125;H0YG94;F5H0H5
POLDIP3,Q9BY77;Q9BY77-2;B4DMM2;F8WCX5;Q6R954;F8WEE2
MRPL32,Q9BYC8
MRPL20,Q9BYC9;I3L2X1;B7Z746
MRPL9,Q9BYD2;Q5SZR1
MRPL1,Q9BYD6;H0Y8N7;H0YAB5
MRPS26,Q9BYN8
MRPL37,Q9BZE1;S4R369;A6NHR2;H0Y4J2
GTPBP4,Q9BZE4;B7Z7A3;B4DY13;Q5T3R7
OSBPL8,Q9BZF1;Q9BZF1-3;Q9BZF1-2;F8VQX7;F8VUA7;F8VVD3;F8VVE7;F8VZ43;F8W1F1;F8VZB8
LRRCC1,Q9C099;Q9C099-2
ELOVL4,Q9GZR5
SLIRP,Q9GZT3;Q9GZT3-2;H0YJ40;G3V4X6;G3V2S9;H0YJW7;H0YJI1;H0YJ07;H0YJU7
MFF,Q9GZY8-2;Q9GZY8;Q9GZY8-5;H7C433;E9PQX8;Q9GZY8-4;Q9GZY8-3;E9PPW6;C9JI76;E9PPR7;E9PK16;C9JU19;C9JAF1;E9PKS0;C9JHF5
CLPB,Q9H078-2;Q9H078;Q9H078-3;B4DXW4;Q9H078-4;H0YGM0;F5GX99;Q7Z777;H0YFF5;F5H7A5;F5H392;S4R372
RAB33B,Q9H082;Q14088
LSG1,Q9H089;H7C2X7;F8WFC6
KLC2,Q9H0B6;Q9H0B6-2;E9PQ02;A8MX29;Q9NSK0;E9PI24;E9PP09;C9JZE5;C9JHT2;E9PM83;C9J8T5;Q9NSK0-4;A8MZ87;B4DME9;Q9NSK0-3
QRSL1,Q9H0R6;Q9H0R6-2
RAB1B,Q9H0U4;E9PLD0;Q92928;P59190-2;P59190
MRPL18,Q9H0U6
CCDC8,Q9H0W5
ISCU,Q9H1K1;Q9H1K1-2;F5H5N2;B4DNC9;B3KQ30;B1P7G3
EHD4,Q9H223
VPS16,Q9H269;Q5JUA8;Q9H269-2;Q5JUB0;Q5JUA9
SLK,Q9H2G2;Q9H2G2-2
TSPYL2,Q9H2G4
MRPL46,Q9H2W6
PNN,Q9H307;Q9H307-2;G3V5F0;G3V579
TMEM245,Q9H330;Q9H330-2;Q9H330-4
CPVL,Q9H3G5;H7C0X5;H7C218;C9JLV0;C9J6L4;C9JI22
DPAGT1,Q9H3H5;Q9H3H5-2;F8W681;F8WE55;Q9H3H5-3;E7EW40
TMX1,Q9H3N1;G3V448
CHMP4B,Q9H444;P59074
PIGU,Q9H490;Q9H490-2;E7EVL4
GOLPH3,Q9H4A6;D6REM1
OSBPL3,Q9H4L5;Q9H4L5-2;Q9H4L5-4;Q9H4L5-3;Q9H4L5-6;Q9H4L5-5;Q9H4L5-8;Q9H4L5-7;Q9BZF2
EHD1,Q9H4M9;C9J2Z4;C9JC03;Q9NZN4;C9JIJ3;C9IZH1
TFB2M,Q9H5Q4
CCDC86,Q9H6F5;B4DY99;H0YG79
REEP4,Q9H6H4;E5RJV5;E5RGS2;Q9H6H4-2
C8orf33,Q9H7E9;Q9H7E9-2
METTL17,Q9H7H0;Q9H7H0-2;Q9H7H0-3;G3V353;G3V4P2;G3V3X6;G3V4H5;H0YJW1;B4E298
ACAD9,Q9H845;H0Y8Z9;D6RCD8
SLC25A22,Q9H936;K4DIA8;K4DIA2;K4DIB0;K4DIB2;E9PQ36;K4DIB8;E9PI74;K4DIB3;E9PS95;E9PJH7;Q9H1K4;K4DIB4;E9PJY0;K4DIB6
SFXN1,Q9H9B4;D6RFI0;S4R2X2;D6RDG7;D6RAE9;H0Y9J5
MRPL44,Q9H9J2
CARS2,Q9HA77;H0YFF0;F5H579;H0YFV1;F5H623
GNB4,Q9HAV0;C9JD14;H7C5J5
GRPEL1,Q9HAV7
RDH14,Q9HBH5;C9J2C7
PLGRKT,Q9HBL7
SLC38A10,Q9HBR0;Q9HBR0-3;I3L0Q8;H0YF92;Q9HBR0-2
TMEM165,Q9HC07;B4DHW1;D6RBL0;D6RD79
SLC25A19,Q9HC21;E9PF74;J3QLV3;J3KRY6;J3KSI7;J3QL84;J3KS44;J3KSB1;J3QS02;J3KTL0
RNMTL1,Q9HC36;I3L0T6;I3L443
MCCC2,Q9HCC0;Q9HCC0-2;D6RDF7;D6R9R1;D6RD67
SDF2L1,Q9HCN8
PREB,Q9HCU5;B5MC98;F8WCS5;H7C2N7;H7C0W3
ATP13A1,Q9HD20;Q9HD20-2;Q9HD20-3;H7C3H2
MRPL47,Q9HD33;Q9HD33-2;Q9HD33-3
CHMP1A,Q9HD42;F8VVT7;F8VUA2;F5H875;Q9HD42-2
TM9SF3,Q9HD45;Q5TB53
JPH1,Q9HDC5
APMAP,Q9HDC9;Q9HDC9-2;H0Y512
RAB18,Q9NP72;Q9NP72-2;Q9NP72-3;H0Y6T8;Q5W0J0
MRPS30,Q9NP92
ACOT13,Q9NPJ3;Q9NPJ3-2
TIMMDC1,Q9NPL8;G3XA94;C9JU35
RTN4,Q9NQC3;Q9NQC3-2;Q9NQC3-5;Q9NQC3-4;F8WAM4;F8W914;Q9NQC3-6;Q9NQC3-3;H7C106
DIABLO,Q9NR28;Q9NR28-2;Q9NR28-3;F5GXT8;F5H796;F5GX50;F5GYH3;H7BZK7
DDX21,Q9NR30;Q9NR30-2
AAAS,Q9NRG9;H3BU82;F8VZ44;Q9NRG9-2;F8VUB6
ABCB10,Q9NRK6
CMC2,Q9NRP2;H3BPT0;H3BPP2;H3BQQ1;H3BNN8;H3BTB6
RAB6B,Q9NRW1;B7Z337;J3KR73
MRPL17,Q9NRX2;E9PKV2
SERINC1,Q9NRX5
AGPAT3,Q9NRZ7;Q9NRZ7-2;Q9NRZ7-3;C9JL26;C9J184
TOMM22,Q9NS69
SACM1L,Q9NTJ5;E9PGZ4;B4DK71;C9JV50;F8WDN7;F8WD07;F8WCQ2;C9J3E3
ABHD10,Q9NUJ1;B7Z6A8;C9IZX5
DDX28,Q9NUL7
LIN7C,Q9NUP9;G3V1D4
AGPAT5,Q9NUQ2;H0YC22
EXOC1,Q9NV70;Q9NV70-2
UQCC,Q9NVA1;Q9NVA1-4;B7Z1C6;Q9NVA1-3;H7BYA2;B7Z314;B1AKV4;Q9NVA1-5;B1AKV6;B1AKV3;Q9NVA1-2;F8WCR2;H7BZM2;F5H4C5;B7Z7J8;B1AKV2
EXD2,Q9NVH0;Q9NVH0-2;C9JLF4
DNAJC11,Q9NVH1;Q9NVH1-3;Q9NVH1-2;F5H1N1;B4DGD5;B1AK20;Q5TH61;Q9UMU8
ATAD3A,Q9NVI7-2;Q9NVI7;H0Y2W2;Q9NVI7-3;Q5T9A4-2;Q5SV16;A6NFL3
ARL8B,Q9NVJ2;B4DI85
MTPAP,Q9NVV4;Q5T851
ARGLU1,Q9NWB6;Q9NWB6-2
SLTM,Q9NWH9;A8K5V8;H7BXE3;H7C3F4;H0YMM0;H0YL55;H0YMW8;H0YNF3;H0YMR6;H0YLE6;H0YLW7;H0YKU6;H0YKH2
CCDC109B,Q9NWR8;C9JTJ6
AURKAIP1,Q9NWT8
NDUFB11,Q9NX14;Q9NX14-2
MRPL16,Q9NX20;E9PI14
OCIAD1,Q9NX40;D6RBN5;D6RDK6;Q9NX40-4;D6RIV2;D6RG39;D6RIT9;Q9NX40-3;Q9NX40-2;D6RI08;D6RDK1;D6R9T5;D6RF07;D6R918;D6RBC5;D6RDI5;D6RA54;D6RC55
5-Mar,Q9NX47
IMPAD1,Q9NX62;H0YBS3
DNAJB12,Q9NXW2;Q9NXW2-2;J3KPS0
MRPL39,Q9NYK5;Q9NYK5-2;C9JG87
UGGT1,Q9NYU2;Q9NYU2-2;H7BZG0
FASTKD2,Q9NYY8;Q9NYY8-2
TECR,Q9NZ01;B3KSQ1;M0R3C3;Q9NZ01-2;M0R329;B4DR74;M0QXM3
USE1,Q9NZ43;Q9NZ43-2;M0QYT5;G8JLK1;M0QZZ6;M0QZE0;Q9NZ43-3;F8W6G7
CISD1,Q9NZ45
FAM120A,Q9NZB2;Q9NZB2-6;Q9NZB2-4;Q9NZB2-2;Q9NZB2-5
MRPL35,Q9NZE8;Q9NZE8-2;D3YTC1
IGF2BP1,Q9NZI8;Q9NZI8-2
MTCH1,Q9NZJ7;Q9NZJ7-2;H0Y8C3;Q9NZJ7-3;Q5TDC2
GLTSCR2,Q9NZM5;M0QZ34;M0QX73;M0QZU5;M0QYZ9
MPP6,Q9NZW5;B8ZZG1;C9J4Q3;C9JGI8;F8WCD2
MRPL15,Q9P015;E5RHF4;E5RIZ4
CCDC59,Q9P031;F8VNY5
NDUFAF4,Q9P032
PTPLAD1,Q9P035;H3BS72;H3BPZ1;B4DRF4;H3BRL8;H3BMZ1
EMC3,Q9P0I2;Q9P0I2-2;S4R3U9;C9JLM9
MRPL36,Q9P0J6
VAPA,Q9P0L0;Q9P0L0-2;J3QKM9
RCC2,Q9P258
PTGFRN,Q9P2B2
RRBP1,Q9P2E9;Q9P2E9-2;Q9P2E9-3;F8W7S5;A2A2S5;Q8N4C6;Q8N4C6-7;Q8N4C6-6;F8W6D3;Q8N4C6-11;H0YDJ4;H9KV85;E9PN67;Q8N4C6-4;C9J066;Q8N4C6-9;Q8N4C6-2;Q8N4C6-5;Q8N4C6-10
DPM3,Q9P2X0;Q9P2X0-2
COPG2,Q9UBF2;F6X838;H7C1T7
GNG12,Q9UBI6
DHCR7,Q9UBM7;E9PRL8;E9PQ71;E9PIP9;E9PJ54;E9PM00;E9PLZ2;H0YE57
DNAJB11,Q9UBS4;H7C2Y5
NXF1,Q9UBU9;E9PIN3;Q9UBU9-2;H0YDU0;E9PLA7
SEL1L,Q9UBV2;Q9UBV2-2;G3V3B3
AASS,Q9UDR5;F8WAH1;F8WE53
UQCR10,Q9UDW1;Q9UDW1-2
MTFP1,Q9UDX5;B5MC22;H7C417;F8WEN7;Q9UDX5-2
VTI1B,Q9UEU0;J3KMW2;G3V5I2
WARS2,Q9UGM6;B7Z5X7;Q9UGM6-2
SEC63,Q9UGP8;A6PVC9
SUN2,Q9UH99;Q9UH99-2;J3KQE0;B0QY64;B0QY67;B0QY68;B0QY66;B0QY60;B0QY63;B0QY69;B0QY65;H0Y686
LIMA1,Q9UHB6;Q9UHB6-4;F8VQE1;Q9UHB6-2;F8VRN8;F8VS07;Q9UHB6-3;F8VTU2;F8VVQ7
SRP68,Q9UHB9;F5H5Y3;Q9UHB9-2;Q9UHB9-4;Q9UHB9-3
9-Sep,Q9UHD8-5;Q9UHD8;Q9UHD8-2;Q9UHD8-7;Q9UHD8-3;Q9UHD8-4;Q9UHD8-9;Q9UHD8-8;K7ENL0;K7EL40;K7EJV0;K7EPY1;K7EK18;K7ER52;K7EIE4;K7EQD7;K7ELJ9;K7ER14;K7EIR4;K7EKN4;K7EN52;K7ENQ5;K7EJ51;K7EJZ2;K7EJL9;K7ERG1;K7ER34
PCYOX1,Q9UHG3;B7Z3Y2;B7Z9P8;F8W8W4;C9K055;C9JGT6;C9JM55
CYB5R1,Q9UHQ9;H7C0R7
BAIAP2L1,Q9UHR4
PUF60,Q9UHX1;Q9UHX1-4;Q9UHX1-6;Q9UHX1-3;Q9UHX1-5;Q9UHX1-2;E9PQ56;H0YEM1;E9PL19;E9PMU7;E9PN18;H0YCP8
NDUFA12,Q9UI09;F8VRD8;H0YIT1;H0YID5;Q9UI09-2
ATP6V1H,Q9UI12;Q9UI12-2;G3V126;E5RK31;E5RJG1;E5RG49;E5RHH0
FTSJ2,Q9UI43;E9PGN6;E7ETL2
ATPIF1,Q9UII2;Q9UII2-3;Q9UII2-2
AK3,Q9UIJ7;Q9UIJ7-3;Q9UIJ7-2
SLC25A13,Q9UJS0;Q9UJS0-2;F5GX33;R4GN64
STOML2,Q9UJZ1;B4E1K7;F2Z2I8
MRTO4,Q9UKD2
TNIK,Q9UKE5-8;Q9UKE5-5;Q9UKE5-6;Q9UKE5-2;Q9UKE5;Q9UKE5-7;Q9UKE5-3;F5H865;Q9UKE5-4;F5H5M9
PACSIN3,Q9UKS6;E9PIY1;E9PJ75;E9PNM9;E9PJ33;H0YDM6
RAB21,Q9UL25
RAB23,Q9ULC3
KIDINS220,Q9ULH0;Q9ULH0-4;Q9ULH0-2;E9PH70;H0Y8E4;Q9ULH0-3;F8WAY8;H7C584
CORO1C,Q9ULV4;Q9ULV4-2;Q9ULV4-3;B4E3S0;H0YHL7;F8VV53;F8W1H8;F8VUX3;F8VSA4;F8VRE9;F8VTT6;F8VVB7
PRPF19,Q9UMS4;H0YGF3;F5GY56;F5H2I0;H0YGZ5
NENF,Q9UMX5
NOL7,Q9UMY1;H7C2B1;Q9UMY1-2
ORF1,Q9UN81
STUB1,Q9UNE7;Q9UNE7-2;H3BTA3;H3BUD0;H3BS86
PACSIN2,Q9UNF0;Q9UNF0-2;B0QYG7;B0QYG8
MAGED2,Q9UNF1;Q5H909;Q9UNF1-2;H7BXW3;Q5H907
RPL26L1,Q9UNX3
C19orf53,Q9UNZ5;K7ESE5;K7EN09
SRRM2,Q9UQ35;Q9UQ35-2;I3L182;I3L4D8;I3L4U6;I3L3Q8;I3L1I8;Q9UQ35-3
PA2G4,Q9UQ80;F8VR77;F8W0A3;H0YIN7;F8VZ69
SMC3,Q9UQE7
RUVBL2,Q9Y230;B3KQ59;M0R0Y3;M0R0Z0;M0QXI6;M0QXZ7
HIGD1A,Q9Y241;C9JAW5;C9JNU6;Q9Y241-2
RUVBL1,Q9Y265;Q9Y265-2;H7C4G5;E7ETR0
NUDC,Q9Y266
VDAC3,Q9Y277;Q9Y277-2;F5H740;E5RJN6;E5RHZ6;E5RHE1;E5RFP6;E5RK27;E5RFL1
CFL2,Q9Y281;Q9Y281-3;F8WDN3;G3V2U0
MRPS33,Q9Y291;C9JBY7
NCKAP1,Q9Y2A7;Q9Y2A7-2
CNPY2,Q9Y2B0;F8VXJ7;H0YI18;F8W1K5;F8W1U5;Q9Y2B0-2;H0YIH9
DNAJC16,Q9Y2G8;Q5TDG9;Q5TDH4;Q9Y2G8-2
EPB41L3,Q9Y2J2-2;Q9Y2J2;Q9Y2J2-3;E7EUF8;F5H7W5
GSTK1,Q9Y2Q3;Q9Y2Q3-4;E9PFN5;Q9Y2Q3-3;Q9Y2Q3-2;C9JNT3
MRPS28,Q9Y2Q9;H7C5V3;H0YAT2;E5RGC7;E5RFT8;H0YC42;E5RK86;E5RFH3;U3KQQ8
COA3,Q9Y2R0;K7EPV0
POLDIP2,Q9Y2S7;U3KQJ1
THRAP3,Q9Y2W1
NOP58,Q9Y2X3;H7BZ72
MTO1,Q9Y2Z2;Q9Y2Z2-5;Q9Y2Z2-4;Q9Y2Z2-6;Q9Y2Z2-2;Q9Y2Z2-3;E7EWX0;E9PHR8;E7EWI1;H0YC00;H7C2S9;H0YBI9;H0YB81
YARS2,Q9Y2Z4;H0YHS6
COQ6,Q9Y2Z9;Q9Y2Z9-3;G3V2L5;G3V2W8;G3V4A6;G3V434;G3V3A1;Q9Y2Z9-2;G3XA86
ACOT9,Q9Y305;Q9Y305-3;Q9Y305-2;Q9Y305-4;H7C5Q2;C9J7L8
TMX2,Q9Y320;Q9Y320-2
LUC7L2,Q9Y383;F8WEU3;F8WBC1;F2Z322
MRPS2,Q9Y399;Q5T8A0
UTP11L,Q9Y3A2;B4DJC6
SBDS,Q9Y3A5;F8WE72
MRPL11,Q9Y3B7;Q9Y3B7-2;Q9Y3B7-3;E9PQB6
NOP16,Q9Y3C1;D6RIC3;Q9Y3C1-2;D6RC60
UFC1,Q9Y3C8
MSRB2,Q9Y3D2;H0YE51
MRPS16,Q9Y3D3;A6ND22;B4E032
C22orf28,Q9Y3I0;E7EQS9
RAP2C;RAP2A,Q9Y3L5;F6U784
RHBDD3,Q9Y3P4
RPL36,Q9Y3U8;J3QSB5;J3KTD3
CHTOP,Q9Y3Y2;Q9Y3Y2-4;Q9Y3Y2-3
TLN1,Q9Y490;Q5TCU6
DAAM1,Q9Y4D1;Q9Y4D1-2;Q9Y4D1-3
TLN2,Q9Y4G6;H0YMT1
AFG3L2,Q9Y4W6;K7EP56;Q01484;Q01484-2;B7Z651;E9PHW9;Q01484-5;I6L894
SAMM50,Q9Y512;A8MZI2
OARD1,Q9Y530;C9JNE2;C9J5P1;C9JA90;C9IZY1
YTHDF2,Q9Y5A9;Q9Y5A9-2;S4R3V3
SUPT16H,Q9Y5B9;G3V5A4;G3V401;G3V2X0
TIMM9,Q9Y5J7;G3V502;G3V2F3
TIMM8B,Q9Y5J9;G3XAN8;E9PIR3
TIMM13,Q9Y5L4;K7EIT2
SRPRB,Q9Y5M8;H7C4H2;C9J5Z8
FLVCR1,Q9Y5Y0;Q9Y5Y0-2;H7C3Z2
UBIAD1,Q9Y5Z9;Q9Y5Z9-2
MRPS18B,Q9Y676;B4DFG6
COPG1,Q9Y678;H0Y8X7
AUP1,Q9Y679;Q9Y679-2;Q9Y679-3
CLIC4,Q9Y696
NFS1,Q9Y697;Q9Y697-2;Q9Y697-3;B4DNL7;F2Z2E7;A2A2M1;F8WER8;H7C0I5;F8WB23;H0YGN5;Q8WV90
MTCH2,Q9Y6C9;E9PIE4;F5H3Y2
TEX264,Q9Y6I9;C9JXQ7;C9JHH5;C9JL43;C9JUC3;C9J7N0
CEPT1,Q9Y6K0
CSNK1G3;CSNK1G1;CSNK1G2,Q9Y6M4-3;Q9Y6M4-4;Q9Y6M4;Q9Y6M4-5;Q9Y6M4-2;Q9HCP0;Q9Y6M4-6;Q9HCP0-2;U3KQA5;U3KQB3;P78368;K7ESB6;U3KQN9;H0YBN6;K7EP38
COX11,Q9Y6N1